// Matcha Mint 20px — 95 glyphs, 21195 bytes
// Copyright (c) 2026 by Khurasan. All rights reserved.
// Generated by Embedded Font Studio
// Usage (TFT_eSPI — requires #define SMOOTH_FONT in User_Setup.h):
//   tft.loadFont(MatchaMint20);
//   tft.setTextColor(TFT_WHITE, TFT_BLACK); // fg AND bg: smooth fonts blend, no transparency
//   tft.drawString("Hello", 10, 10);
//   tft.unloadFont();

#include <pgmspace.h>

const uint8_t MatchaMint20[] PROGMEM = {
  0x00, 0x00, 0x00, 0x5f, 0x00, 0x00, 0x00, 0x0b, 0x00, 0x00, 0x00, 0x14, 0x00, 0x00, 0x00, 0x00,
  0x00, 0x00, 0x00, 0x10, 0x00, 0x00, 0x00, 0x04, 0x00, 0x00, 0x00, 0x20, 0x00, 0x00, 0x00, 0x00,
  0x00, 0x00, 0x00, 0x00, 0x00, 0x00, 0x00, 0x09, 0x00, 0x00, 0x00, 0x00, 0x00, 0x00, 0x00, 0x00,
  0x00, 0x00, 0x00, 0x00, 0x00, 0x00, 0x00, 0x21, 0x00, 0x00, 0x00, 0x10, 0x00, 0x00, 0x00, 0x08,
  0x00, 0x00, 0x00, 0x07, 0x00, 0x00, 0x00, 0x0f, 0x00, 0x00, 0x00, 0x00, 0x00, 0x00, 0x00, 0x00,
  0x00, 0x00, 0x00, 0x22, 0x00, 0x00, 0x00, 0x06, 0x00, 0x00, 0x00, 0x09, 0x00, 0x00, 0x00, 0x09,
  0x00, 0x00, 0x00, 0x0f, 0x00, 0x00, 0x00, 0x00, 0x00, 0x00, 0x00, 0x00, 0x00, 0x00, 0x00, 0x23,
  0x00, 0x00, 0x00, 0x10, 0x00, 0x00, 0x00, 0x11, 0x00, 0x00, 0x00, 0x11, 0x00, 0x00, 0x00, 0x0f,
  0x00, 0x00, 0x00, 0x00, 0x00, 0x00, 0x00, 0x00, 0x00, 0x00, 0x00, 0x24, 0x00, 0x00, 0x00, 0x13,
  0x00, 0x00, 0x00, 0x0d, 0x00, 0x00, 0x00, 0x0c, 0x00, 0x00, 0x00, 0x10, 0x00, 0x00, 0x00, 0x00,
  0x00, 0x00, 0x00, 0x00, 0x00, 0x00, 0x00, 0x25, 0x00, 0x00, 0x00, 0x0f, 0x00, 0x00, 0x00, 0x14,
  0x00, 0x00, 0x00, 0x14, 0x00, 0x00, 0x00, 0x0f, 0x00, 0x00, 0x00, 0x00, 0x00, 0x00, 0x00, 0x00,
  0x00, 0x00, 0x00, 0x26, 0x00, 0x00, 0x00, 0x12, 0x00, 0x00, 0x00, 0x10, 0x00, 0x00, 0x00, 0x10,
  0x00, 0x00, 0x00, 0x11, 0x00, 0x00, 0x00, 0x00, 0x00, 0x00, 0x00, 0x00, 0x00, 0x00, 0x00, 0x27,
  0x00, 0x00, 0x00, 0x06, 0x00, 0x00, 0x00, 0x05, 0x00, 0x00, 0x00, 0x05, 0x00, 0x00, 0x00, 0x0f,
  0x00, 0x00, 0x00, 0x00, 0x00, 0x00, 0x00, 0x00, 0x00, 0x00, 0x00, 0x28, 0x00, 0x00, 0x00, 0x14,
  0x00, 0x00, 0x00, 0x09, 0x00, 0x00, 0x00, 0x09, 0x00, 0x00, 0x00, 0x11, 0x00, 0x00, 0x00, 0x00,
  0x00, 0x00, 0x00, 0x00, 0x00, 0x00, 0x00, 0x29, 0x00, 0x00, 0x00, 0x14, 0x00, 0x00, 0x00, 0x08,
  0x00, 0x00, 0x00, 0x08, 0x00, 0x00, 0x00, 0x11, 0x00, 0x00, 0x00, 0x00, 0x00, 0x00, 0x00, 0x00,
  0x00, 0x00, 0x00, 0x2a, 0x00, 0x00, 0x00, 0x08, 0x00, 0x00, 0x00, 0x08, 0x00, 0x00, 0x00, 0x08,
  0x00, 0x00, 0x00, 0x0f, 0x00, 0x00, 0x00, 0x00, 0x00, 0x00, 0x00, 0x00, 0x00, 0x00, 0x00, 0x2b,
  0x00, 0x00, 0x00, 0x0a, 0x00, 0x00, 0x00, 0x0b, 0x00, 0x00, 0x00, 0x0a, 0x00, 0x00, 0x00, 0x0c,
  0x00, 0x00, 0x00, 0x00, 0x00, 0x00, 0x00, 0x00, 0x00, 0x00, 0x00, 0x2c, 0x00, 0x00, 0x00, 0x07,
  0x00, 0x00, 0x00, 0x06, 0x00, 0x00, 0x00, 0x06, 0x00, 0x00, 0x00, 0x05, 0x00, 0x00, 0x00, 0x00,
  0x00, 0x00, 0x00, 0x00, 0x00, 0x00, 0x00, 0x2d, 0x00, 0x00, 0x00, 0x04, 0x00, 0x00, 0x00, 0x09,
  0x00, 0x00, 0x00, 0x09, 0x00, 0x00, 0x00, 0x09, 0x00, 0x00, 0x00, 0x00, 0x00, 0x00, 0x00, 0x00,
  0x00, 0x00, 0x00, 0x2e, 0x00, 0x00, 0x00, 0x06, 0x00, 0x00, 0x00, 0x06, 0x00, 0x00, 0x00, 0x06,
  0x00, 0x00, 0x00, 0x05, 0x00, 0x00, 0x00, 0x00, 0x00, 0x00, 0x00, 0x00, 0x00, 0x00, 0x00, 0x2f,
  0x00, 0x00, 0x00, 0x11, 0x00, 0x00, 0x00, 0x0a, 0x00, 0x00, 0x00, 0x0b, 0x00, 0x00, 0x00, 0x10,
  0x00, 0x00, 0x00, 0x01, 0x00, 0x00, 0x00, 0x00, 0x00, 0x00, 0x00, 0x30, 0x00, 0x00, 0x00, 0x10,
  0x00, 0x00, 0x00, 0x0d, 0x00, 0x00, 0x00, 0x0d, 0x00, 0x00, 0x00, 0x0f, 0x00, 0x00, 0x00, 0x00,
  0x00, 0x00, 0x00, 0x00, 0x00, 0x00, 0x00, 0x31, 0x00, 0x00, 0x00, 0x10, 0x00, 0x00, 0x00, 0x0a,
  0x00, 0x00, 0x00, 0x0a, 0x00, 0x00, 0x00, 0x0f, 0x00, 0x00, 0x00, 0x00, 0x00, 0x00, 0x00, 0x00,
  0x00, 0x00, 0x00, 0x32, 0x00, 0x00, 0x00, 0x10, 0x00, 0x00, 0x00, 0x0d, 0x00, 0x00, 0x00, 0x0d,
  0x00, 0x00, 0x00, 0x0f, 0x00, 0x00, 0x00, 0x00, 0x00, 0x00, 0x00, 0x00, 0x00, 0x00, 0x00, 0x33,
  0x00, 0x00, 0x00, 0x10, 0x00, 0x00, 0x00, 0x0c, 0x00, 0x00, 0x00, 0x0c, 0x00, 0x00, 0x00, 0x0f,
  0x00, 0x00, 0x00, 0x00, 0x00, 0x00, 0x00, 0x00, 0x00, 0x00, 0x00, 0x34, 0x00, 0x00, 0x00, 0x10,
  0x00, 0x00, 0x00, 0x0f, 0x00, 0x00, 0x00, 0x0f, 0x00, 0x00, 0x00, 0x0f, 0x00, 0x00, 0x00, 0x00,
  0x00, 0x00, 0x00, 0x00, 0x00, 0x00, 0x00, 0x35, 0x00, 0x00, 0x00, 0x11, 0x00, 0x00, 0x00, 0x0d,
  0x00, 0x00, 0x00, 0x0d, 0x00, 0x00, 0x00, 0x10, 0x00, 0x00, 0x00, 0x00, 0x00, 0x00, 0x00, 0x00,
  0x00, 0x00, 0x00, 0x36, 0x00, 0x00, 0x00, 0x11, 0x00, 0x00, 0x00, 0x0f, 0x00, 0x00, 0x00, 0x0f,
  0x00, 0x00, 0x00, 0x10, 0x00, 0x00, 0x00, 0x00, 0x00, 0x00, 0x00, 0x00, 0x00, 0x00, 0x00, 0x37,
  0x00, 0x00, 0x00, 0x11, 0x00, 0x00, 0x00, 0x0c, 0x00, 0x00, 0x00, 0x0c, 0x00, 0x00, 0x00, 0x0f,
  0x00, 0x00, 0x00, 0x00, 0x00, 0x00, 0x00, 0x00, 0x00, 0x00, 0x00, 0x38, 0x00, 0x00, 0x00, 0x11,
  0x00, 0x00, 0x00, 0x0e, 0x00, 0x00, 0x00, 0x0e, 0x00, 0x00, 0x00, 0x10, 0x00, 0x00, 0x00, 0x00,
  0x00, 0x00, 0x00, 0x00, 0x00, 0x00, 0x00, 0x39, 0x00, 0x00, 0x00, 0x11, 0x00, 0x00, 0x00, 0x0f,
  0x00, 0x00, 0x00, 0x0f, 0x00, 0x00, 0x00, 0x10, 0x00, 0x00, 0x00, 0x00, 0x00, 0x00, 0x00, 0x00,
  0x00, 0x00, 0x00, 0x3a, 0x00, 0x00, 0x00, 0x0c, 0x00, 0x00, 0x00, 0x06, 0x00, 0x00, 0x00, 0x06,
  0x00, 0x00, 0x00, 0x0c, 0x00, 0x00, 0x00, 0x00, 0x00, 0x00, 0x00, 0x00, 0x00, 0x00, 0x00, 0x3b,
  0x00, 0x00, 0x00, 0x0e, 0x00, 0x00, 0x00, 0x06, 0x00, 0x00, 0x00, 0x06, 0x00, 0x00, 0x00, 0x0c,
  0x00, 0x00, 0x00, 0x00, 0x00, 0x00, 0x00, 0x00, 0x00, 0x00, 0x00, 0x3c, 0x00, 0x00, 0x00, 0x0c,
  0x00, 0x00, 0x00, 0x09, 0x00, 0x00, 0x00, 0x09, 0x00, 0x00, 0x00, 0x0b, 0x00, 0x00, 0x00, 0x00,
  0x00, 0x00, 0x00, 0x00, 0x00, 0x00, 0x00, 0x3d, 0x00, 0x00, 0x00, 0x08, 0x00, 0x00, 0x00, 0x08,
  0x00, 0x00, 0x00, 0x08, 0x00, 0x00, 0x00, 0x0b, 0x00, 0x00, 0x00, 0x00, 0x00, 0x00, 0x00, 0x00,
  0x00, 0x00, 0x00, 0x3e, 0x00, 0x00, 0x00, 0x0c, 0x00, 0x00, 0x00, 0x09, 0x00, 0x00, 0x00, 0x09,
  0x00, 0x00, 0x00, 0x0b, 0x00, 0x00, 0x00, 0x00, 0x00, 0x00, 0x00, 0x00, 0x00, 0x00, 0x00, 0x3f,
  0x00, 0x00, 0x00, 0x12, 0x00, 0x00, 0x00, 0x0c, 0x00, 0x00, 0x00, 0x0b, 0x00, 0x00, 0x00, 0x10,
  0x00, 0x00, 0x00, 0x00, 0x00, 0x00, 0x00, 0x00, 0x00, 0x00, 0x00, 0x40, 0x00, 0x00, 0x00, 0x11,
  0x00, 0x00, 0x00, 0x11, 0x00, 0x00, 0x00, 0x11, 0x00, 0x00, 0x00, 0x0f, 0x00, 0x00, 0x00, 0x00,
  0x00, 0x00, 0x00, 0x00, 0x00, 0x00, 0x00, 0x41, 0x00, 0x00, 0x00, 0x10, 0x00, 0x00, 0x00, 0x0f,
  0x00, 0x00, 0x00, 0x0f, 0x00, 0x00, 0x00, 0x0f, 0x00, 0x00, 0x00, 0x00, 0x00, 0x00, 0x00, 0x00,
  0x00, 0x00, 0x00, 0x42, 0x00, 0x00, 0x00, 0x10, 0x00, 0x00, 0x00, 0x10, 0x00, 0x00, 0x00, 0x0f,
  0x00, 0x00, 0x00, 0x0f, 0x00, 0x00, 0x00, 0x00, 0x00, 0x00, 0x00, 0x00, 0x00, 0x00, 0x00, 0x43,
  0x00, 0x00, 0x00, 0x10, 0x00, 0x00, 0x00, 0x0f, 0x00, 0x00, 0x00, 0x0e, 0x00, 0x00, 0x00, 0x0f,
  0x00, 0x00, 0x00, 0x00, 0x00, 0x00, 0x00, 0x00, 0x00, 0x00, 0x00, 0x44, 0x00, 0x00, 0x00, 0x10,
  0x00, 0x00, 0x00, 0x10, 0x00, 0x00, 0x00, 0x10, 0x00, 0x00, 0x00, 0x0f, 0x00, 0x00, 0x00, 0x00,
  0x00, 0x00, 0x00, 0x00, 0x00, 0x00, 0x00, 0x45, 0x00, 0x00, 0x00, 0x10, 0x00, 0x00, 0x00, 0x0c,
  0x00, 0x00, 0x00, 0x0c, 0x00, 0x00, 0x00, 0x0f, 0x00, 0x00, 0x00, 0x00, 0x00, 0x00, 0x00, 0x00,
  0x00, 0x00, 0x00, 0x46, 0x00, 0x00, 0x00, 0x10, 0x00, 0x00, 0x00, 0x0c, 0x00, 0x00, 0x00, 0x0c,
  0x00, 0x00, 0x00, 0x0f, 0x00, 0x00, 0x00, 0x00, 0x00, 0x00, 0x00, 0x00, 0x00, 0x00, 0x00, 0x47,
  0x00, 0x00, 0x00, 0x10, 0x00, 0x00, 0x00, 0x0f, 0x00, 0x00, 0x00, 0x0f, 0x00, 0x00, 0x00, 0x0f,
  0x00, 0x00, 0x00, 0x00, 0x00, 0x00, 0x00, 0x00, 0x00, 0x00, 0x00, 0x48, 0x00, 0x00, 0x00, 0x11,
  0x00, 0x00, 0x00, 0x10, 0x00, 0x00, 0x00, 0x10, 0x00, 0x00, 0x00, 0x10, 0x00, 0x00, 0x00, 0x00,
  0x00, 0x00, 0x00, 0x00, 0x00, 0x00, 0x00, 0x49, 0x00, 0x00, 0x00, 0x10, 0x00, 0x00, 0x00, 0x0a,
  0x00, 0x00, 0x00, 0x0a, 0x00, 0x00, 0x00, 0x0f, 0x00, 0x00, 0x00, 0x00, 0x00, 0x00, 0x00, 0x00,
  0x00, 0x00, 0x00, 0x4a, 0x00, 0x00, 0x00, 0x12, 0x00, 0x00, 0x00, 0x0c, 0x00, 0x00, 0x00, 0x0c,
  0x00, 0x00, 0x00, 0x10, 0x00, 0x00, 0x00, 0x00, 0x00, 0x00, 0x00, 0x00, 0x00, 0x00, 0x00, 0x4b,
  0x00, 0x00, 0x00, 0x10, 0x00, 0x00, 0x00, 0x10, 0x00, 0x00, 0x00, 0x10, 0x00, 0x00, 0x00, 0x0f,
  0x00, 0x00, 0x00, 0x00, 0x00, 0x00, 0x00, 0x00, 0x00, 0x00, 0x00, 0x4c, 0x00, 0x00, 0x00, 0x11,
  0x00, 0x00, 0x00, 0x0c, 0x00, 0x00, 0x00, 0x0c, 0x00, 0x00, 0x00, 0x10, 0x00, 0x00, 0x00, 0x00,
  0x00, 0x00, 0x00, 0x00, 0x00, 0x00, 0x00, 0x4d, 0x00, 0x00, 0x00, 0x10, 0x00, 0x00, 0x00, 0x13,
  0x00, 0x00, 0x00, 0x13, 0x00, 0x00, 0x00, 0x0f, 0x00, 0x00, 0x00, 0x00, 0x00, 0x00, 0x00, 0x00,
  0x00, 0x00, 0x00, 0x4e, 0x00, 0x00, 0x00, 0x10, 0x00, 0x00, 0x00, 0x11, 0x00, 0x00, 0x00, 0x11,
  0x00, 0x00, 0x00, 0x0f, 0x00, 0x00, 0x00, 0x00, 0x00, 0x00, 0x00, 0x00, 0x00, 0x00, 0x00, 0x4f,
  0x00, 0x00, 0x00, 0x10, 0x00, 0x00, 0x00, 0x0f, 0x00, 0x00, 0x00, 0x0f, 0x00, 0x00, 0x00, 0x0f,
  0x00, 0x00, 0x00, 0x00, 0x00, 0x00, 0x00, 0x00, 0x00, 0x00, 0x00, 0x50, 0x00, 0x00, 0x00, 0x10,
  0x00, 0x00, 0x00, 0x0e, 0x00, 0x00, 0x00, 0x0e, 0x00, 0x00, 0x00, 0x0f, 0x00, 0x00, 0x00, 0x00,
  0x00, 0x00, 0x00, 0x00, 0x00, 0x00, 0x00, 0x51, 0x00, 0x00, 0x00, 0x11, 0x00, 0x00, 0x00, 0x0f,
  0x00, 0x00, 0x00, 0x0f, 0x00, 0x00, 0x00, 0x0f, 0x00, 0x00, 0x00, 0x00, 0x00, 0x00, 0x00, 0x00,
  0x00, 0x00, 0x00, 0x52, 0x00, 0x00, 0x00, 0x10, 0x00, 0x00, 0x00, 0x0f, 0x00, 0x00, 0x00, 0x0f,
  0x00, 0x00, 0x00, 0x0f, 0x00, 0x00, 0x00, 0x00, 0x00, 0x00, 0x00, 0x00, 0x00, 0x00, 0x00, 0x53,
  0x00, 0x00, 0x00, 0x11, 0x00, 0x00, 0x00, 0x0d, 0x00, 0x00, 0x00, 0x0d, 0x00, 0x00, 0x00, 0x10,
  0x00, 0x00, 0x00, 0x00, 0x00, 0x00, 0x00, 0x00, 0x00, 0x00, 0x00, 0x54, 0x00, 0x00, 0x00, 0x10,
  0x00, 0x00, 0x00, 0x0d, 0x00, 0x00, 0x00, 0x0d, 0x00, 0x00, 0x00, 0x0f, 0x00, 0x00, 0x00, 0x00,
  0x00, 0x00, 0x00, 0x00, 0x00, 0x00, 0x00, 0x55, 0x00, 0x00, 0x00, 0x10, 0x00, 0x00, 0x00, 0x0f,
  0x00, 0x00, 0x00, 0x0f, 0x00, 0x00, 0x00, 0x0f, 0x00, 0x00, 0x00, 0x00, 0x00, 0x00, 0x00, 0x00,
  0x00, 0x00, 0x00, 0x56, 0x00, 0x00, 0x00, 0x11, 0x00, 0x00, 0x00, 0x10, 0x00, 0x00, 0x00, 0x10,
  0x00, 0x00, 0x00, 0x10, 0x00, 0x00, 0x00, 0x00, 0x00, 0x00, 0x00, 0x00, 0x00, 0x00, 0x00, 0x57,
  0x00, 0x00, 0x00, 0x10, 0x00, 0x00, 0x00, 0x13, 0x00, 0x00, 0x00, 0x13, 0x00, 0x00, 0x00, 0x0f,
  0x00, 0x00, 0x00, 0x00, 0x00, 0x00, 0x00, 0x00, 0x00, 0x00, 0x00, 0x58, 0x00, 0x00, 0x00, 0x10,
  0x00, 0x00, 0x00, 0x0f, 0x00, 0x00, 0x00, 0x0f, 0x00, 0x00, 0x00, 0x0f, 0x00, 0x00, 0x00, 0x00,
  0x00, 0x00, 0x00, 0x00, 0x00, 0x00, 0x00, 0x59, 0x00, 0x00, 0x00, 0x11, 0x00, 0x00, 0x00, 0x0e,
  0x00, 0x00, 0x00, 0x0e, 0x00, 0x00, 0x00, 0x10, 0x00, 0x00, 0x00, 0x00, 0x00, 0x00, 0x00, 0x00,
  0x00, 0x00, 0x00, 0x5a, 0x00, 0x00, 0x00, 0x10, 0x00, 0x00, 0x00, 0x0d, 0x00, 0x00, 0x00, 0x0d,
  0x00, 0x00, 0x00, 0x0f, 0x00, 0x00, 0x00, 0x00, 0x00, 0x00, 0x00, 0x00, 0x00, 0x00, 0x00, 0x5b,
  0x00, 0x00, 0x00, 0x13, 0x00, 0x00, 0x00, 0x08, 0x00, 0x00, 0x00, 0x08, 0x00, 0x00, 0x00, 0x10,
  0x00, 0x00, 0x00, 0x00, 0x00, 0x00, 0x00, 0x00, 0x00, 0x00, 0x00, 0x5c, 0x00, 0x00, 0x00, 0x11,
  0x00, 0x00, 0x00, 0x0a, 0x00, 0x00, 0x00, 0x0a, 0x00, 0x00, 0x00, 0x10, 0x00, 0x00, 0x00, 0x00,
  0x00, 0x00, 0x00, 0x00, 0x00, 0x00, 0x00, 0x5d, 0x00, 0x00, 0x00, 0x13, 0x00, 0x00, 0x00, 0x08,
  0x00, 0x00, 0x00, 0x08, 0x00, 0x00, 0x00, 0x10, 0xff, 0xff, 0xff, 0xff, 0x00, 0x00, 0x00, 0x00,
  0x00, 0x00, 0x00, 0x5e, 0x00, 0x00, 0x00, 0x07, 0x00, 0x00, 0x00, 0x09, 0x00, 0x00, 0x00, 0x09,
  0x00, 0x00, 0x00, 0x0f, 0x00, 0x00, 0x00, 0x00, 0x00, 0x00, 0x00, 0x00, 0x00, 0x00, 0x00, 0x5f,
  0x00, 0x00, 0x00, 0x05, 0x00, 0x00, 0x00, 0x0c, 0x00, 0x00, 0x00, 0x0c, 0x00, 0x00, 0x00, 0x01,
  0x00, 0x00, 0x00, 0x00, 0x00, 0x00, 0x00, 0x00, 0x00, 0x00, 0x00, 0x60, 0x00, 0x00, 0x00, 0x06,
  0x00, 0x00, 0x00, 0x06, 0x00, 0x00, 0x00, 0x05, 0x00, 0x00, 0x00, 0x0f, 0x00, 0x00, 0x00, 0x00,
  0x00, 0x00, 0x00, 0x00, 0x00, 0x00, 0x00, 0x61, 0x00, 0x00, 0x00, 0x0f, 0x00, 0x00, 0x00, 0x0d,
  0x00, 0x00, 0x00, 0x0d, 0x00, 0x00, 0x00, 0x0e, 0x00, 0x00, 0x00, 0x00, 0x00, 0x00, 0x00, 0x00,
  0x00, 0x00, 0x00, 0x62, 0x00, 0x00, 0x00, 0x10, 0x00, 0x00, 0x00, 0x0e, 0x00, 0x00, 0x00, 0x0e,
  0x00, 0x00, 0x00, 0x0f, 0x00, 0x00, 0x00, 0x00, 0x00, 0x00, 0x00, 0x00, 0x00, 0x00, 0x00, 0x63,
  0x00, 0x00, 0x00, 0x0f, 0x00, 0x00, 0x00, 0x0d, 0x00, 0x00, 0x00, 0x0d, 0x00, 0x00, 0x00, 0x0e,
  0x00, 0x00, 0x00, 0x00, 0x00, 0x00, 0x00, 0x00, 0x00, 0x00, 0x00, 0x64, 0x00, 0x00, 0x00, 0x10,
  0x00, 0x00, 0x00, 0x10, 0x00, 0x00, 0x00, 0x10, 0x00, 0x00, 0x00, 0x0f, 0x00, 0x00, 0x00, 0x00,
  0x00, 0x00, 0x00, 0x00, 0x00, 0x00, 0x00, 0x65, 0x00, 0x00, 0x00, 0x0f, 0x00, 0x00, 0x00, 0x0d,
  0x00, 0x00, 0x00, 0x0d, 0x00, 0x00, 0x00, 0x0e, 0x00, 0x00, 0x00, 0x00, 0x00, 0x00, 0x00, 0x00,
  0x00, 0x00, 0x00, 0x66, 0x00, 0x00, 0x00, 0x13, 0x00, 0x00, 0x00, 0x0e, 0x00, 0x00, 0x00, 0x0e,
  0x00, 0x00, 0x00, 0x0f, 0x00, 0x00, 0x00, 0x00, 0x00, 0x00, 0x00, 0x00, 0x00, 0x00, 0x00, 0x67,
  0x00, 0x00, 0x00, 0x13, 0x00, 0x00, 0x00, 0x0f, 0x00, 0x00, 0x00, 0x0f, 0x00, 0x00, 0x00, 0x0e,
  0x00, 0x00, 0x00, 0x00, 0x00, 0x00, 0x00, 0x00, 0x00, 0x00, 0x00, 0x68, 0x00, 0x00, 0x00, 0x10,
  0x00, 0x00, 0x00, 0x0e, 0x00, 0x00, 0x00, 0x0e, 0x00, 0x00, 0x00, 0x0f, 0x00, 0x00, 0x00, 0x00,
  0x00, 0x00, 0x00, 0x00, 0x00, 0x00, 0x00, 0x69, 0x00, 0x00, 0x00, 0x10, 0x00, 0x00, 0x00, 0x07,
  0x00, 0x00, 0x00, 0x07, 0x00, 0x00, 0x00, 0x10, 0x00, 0x00, 0x00, 0x00, 0x00, 0x00, 0x00, 0x00,
  0x00, 0x00, 0x00, 0x6a, 0x00, 0x00, 0x00, 0x13, 0x00, 0x00, 0x00, 0x0c, 0x00, 0x00, 0x00, 0x0b,
  0x00, 0x00, 0x00, 0x0f, 0x00, 0x00, 0x00, 0x00, 0x00, 0x00, 0x00, 0x00, 0x00, 0x00, 0x00, 0x6b,
  0x00, 0x00, 0x00, 0x10, 0x00, 0x00, 0x00, 0x0e, 0x00, 0x00, 0x00, 0x0e, 0x00, 0x00, 0x00, 0x0f,
  0x00, 0x00, 0x00, 0x00, 0x00, 0x00, 0x00, 0x00, 0x00, 0x00, 0x00, 0x6c, 0x00, 0x00, 0x00, 0x10,
  0x00, 0x00, 0x00, 0x07, 0x00, 0x00, 0x00, 0x07, 0x00, 0x00, 0x00, 0x0f, 0x00, 0x00, 0x00, 0x00,
  0x00, 0x00, 0x00, 0x00, 0x00, 0x00, 0x00, 0x6d, 0x00, 0x00, 0x00, 0x0f, 0x00, 0x00, 0x00, 0x12,
  0x00, 0x00, 0x00, 0x12, 0x00, 0x00, 0x00, 0x0e, 0x00, 0x00, 0x00, 0x00, 0x00, 0x00, 0x00, 0x00,
  0x00, 0x00, 0x00, 0x6e, 0x00, 0x00, 0x00, 0x0f, 0x00, 0x00, 0x00, 0x10, 0x00, 0x00, 0x00, 0x10,
  0x00, 0x00, 0x00, 0x0e, 0x00, 0x00, 0x00, 0x00, 0x00, 0x00, 0x00, 0x00, 0x00, 0x00, 0x00, 0x6f,
  0x00, 0x00, 0x00, 0x0f, 0x00, 0x00, 0x00, 0x0f, 0x00, 0x00, 0x00, 0x0f, 0x00, 0x00, 0x00, 0x0e,
  0x00, 0x00, 0x00, 0x00, 0x00, 0x00, 0x00, 0x00, 0x00, 0x00, 0x00, 0x70, 0x00, 0x00, 0x00, 0x13,
  0x00, 0x00, 0x00, 0x10, 0x00, 0x00, 0x00, 0x10, 0x00, 0x00, 0x00, 0x0e, 0x00, 0x00, 0x00, 0x00,
  0x00, 0x00, 0x00, 0x00, 0x00, 0x00, 0x00, 0x71, 0x00, 0x00, 0x00, 0x13, 0x00, 0x00, 0x00, 0x0f,
  0x00, 0x00, 0x00, 0x0e, 0x00, 0x00, 0x00, 0x0e, 0x00, 0x00, 0x00, 0x00, 0x00, 0x00, 0x00, 0x00,
  0x00, 0x00, 0x00, 0x72, 0x00, 0x00, 0x00, 0x0f, 0x00, 0x00, 0x00, 0x0d, 0x00, 0x00, 0x00, 0x0d,
  0x00, 0x00, 0x00, 0x0e, 0x00, 0x00, 0x00, 0x00, 0x00, 0x00, 0x00, 0x00, 0x00, 0x00, 0x00, 0x73,
  0x00, 0x00, 0x00, 0x0f, 0x00, 0x00, 0x00, 0x0c, 0x00, 0x00, 0x00, 0x0c, 0x00, 0x00, 0x00, 0x0e,
  0x00, 0x00, 0x00, 0x00, 0x00, 0x00, 0x00, 0x00, 0x00, 0x00, 0x00, 0x74, 0x00, 0x00, 0x00, 0x11,
  0x00, 0x00, 0x00, 0x0a, 0x00, 0x00, 0x00, 0x09, 0x00, 0x00, 0x00, 0x10, 0x00, 0x00, 0x00, 0x00,
  0x00, 0x00, 0x00, 0x00, 0x00, 0x00, 0x00, 0x75, 0x00, 0x00, 0x00, 0x0f, 0x00, 0x00, 0x00, 0x10,
  0x00, 0x00, 0x00, 0x10, 0x00, 0x00, 0x00, 0x0e, 0x00, 0x00, 0x00, 0x00, 0x00, 0x00, 0x00, 0x00,
  0x00, 0x00, 0x00, 0x76, 0x00, 0x00, 0x00, 0x10, 0x00, 0x00, 0x00, 0x10, 0x00, 0x00, 0x00, 0x0f,
  0x00, 0x00, 0x00, 0x0f, 0x00, 0x00, 0x00, 0x00, 0x00, 0x00, 0x00, 0x00, 0x00, 0x00, 0x00, 0x77,
  0x00, 0x00, 0x00, 0x10, 0x00, 0x00, 0x00, 0x13, 0x00, 0x00, 0x00, 0x13, 0x00, 0x00, 0x00, 0x0f,
  0x00, 0x00, 0x00, 0x00, 0x00, 0x00, 0x00, 0x00, 0x00, 0x00, 0x00, 0x78, 0x00, 0x00, 0x00, 0x0f,
  0x00, 0x00, 0x00, 0x0e, 0x00, 0x00, 0x00, 0x0e, 0x00, 0x00, 0x00, 0x0e, 0x00, 0x00, 0x00, 0x00,
  0x00, 0x00, 0x00, 0x00, 0x00, 0x00, 0x00, 0x79, 0x00, 0x00, 0x00, 0x14, 0x00, 0x00, 0x00, 0x0f,
  0x00, 0x00, 0x00, 0x0f, 0x00, 0x00, 0x00, 0x0f, 0x00, 0x00, 0x00, 0x00, 0x00, 0x00, 0x00, 0x00,
  0x00, 0x00, 0x00, 0x7a, 0x00, 0x00, 0x00, 0x10, 0x00, 0x00, 0x00, 0x0c, 0x00, 0x00, 0x00, 0x0c,
  0x00, 0x00, 0x00, 0x0f, 0x00, 0x00, 0x00, 0x00, 0x00, 0x00, 0x00, 0x00, 0x00, 0x00, 0x00, 0x7b,
  0x00, 0x00, 0x00, 0x14, 0x00, 0x00, 0x00, 0x08, 0x00, 0x00, 0x00, 0x08, 0x00, 0x00, 0x00, 0x11,
  0x00, 0x00, 0x00, 0x00, 0x00, 0x00, 0x00, 0x00, 0x00, 0x00, 0x00, 0x7c, 0x00, 0x00, 0x00, 0x12,
  0x00, 0x00, 0x00, 0x05, 0x00, 0x00, 0x00, 0x05, 0x00, 0x00, 0x00, 0x10, 0x00, 0x00, 0x00, 0x00,
  0x00, 0x00, 0x00, 0x00, 0x00, 0x00, 0x00, 0x7d, 0x00, 0x00, 0x00, 0x14, 0x00, 0x00, 0x00, 0x08,
  0x00, 0x00, 0x00, 0x07, 0x00, 0x00, 0x00, 0x11, 0xff, 0xff, 0xff, 0xff, 0x00, 0x00, 0x00, 0x00,
  0x00, 0x00, 0x00, 0x7e, 0x00, 0x00, 0x00, 0x09, 0x00, 0x00, 0x00, 0x0e, 0x00, 0x00, 0x00, 0x0e,
  0x00, 0x00, 0x00, 0x0c, 0x00, 0x00, 0x00, 0x00, 0x00, 0x00, 0x00, 0x00, 0x00, 0x00, 0x51, 0xbf,
  0xc0, 0xbd, 0x42, 0x00, 0x00, 0x40, 0xfe, 0xff, 0xff, 0xff, 0xe0, 0x00, 0x00, 0xa6, 0xff, 0xff,
  0xff, 0xff, 0xff, 0x04, 0x00, 0xd7, 0xff, 0xff, 0xff, 0xff, 0xe4, 0x00, 0x00, 0xe4, 0xff, 0xff,
  0xff, 0xff, 0xae, 0x00, 0x00, 0xe4, 0xff, 0xff, 0xff, 0xff, 0x63, 0x00, 0x00, 0xd8, 0xff, 0xff,
  0xff, 0xfb, 0x15, 0x00, 0x00, 0xbf, 0xff, 0xff, 0xff, 0xb7, 0x00, 0x00, 0x00, 0x96, 0xff, 0xff,
  0xff, 0x45, 0x00, 0x00, 0x00, 0x4d, 0xff, 0xff, 0xaa, 0x00, 0x00, 0x00, 0x00, 0x01, 0x75, 0x72,
  0x08, 0x00, 0x00, 0x00, 0x00, 0x15, 0x77, 0x70, 0x29, 0x00, 0x00, 0x00, 0x1f, 0xe3, 0xff, 0xff,
  0xfb, 0x1a, 0x00, 0x00, 0x7e, 0xff, 0xff, 0xff, 0xff, 0x43, 0x00, 0x00, 0x5b, 0xff, 0xff, 0xff,
  0xdd, 0x0d, 0x00, 0x00, 0x02, 0x9c, 0xc0, 0x8f, 0x0d, 0x00, 0x00, 0x00, 0x16, 0x9d, 0xb3, 0x3c,
  0x00, 0x68, 0x80, 0x68, 0x02, 0x8c, 0xff, 0xff, 0xf6, 0x3b, 0xff, 0xff, 0xff, 0x4c, 0x99, 0xff,
  0xff, 0xff, 0x55, 0xff, 0xff, 0xff, 0x6d, 0x31, 0xe9, 0xff, 0xdb, 0x0c, 0xc7, 0xff, 0xff, 0x46,
  0x00, 0x8c, 0xff, 0x59, 0x00, 0x3d, 0xff, 0xc9, 0x02, 0x00, 0x15, 0x31, 0x00, 0x00, 0x00, 0x3e,
  0x12, 0x00, 0x00, 0x00, 0x00, 0x00, 0x1f, 0xa8, 0xc0, 0x75, 0x07, 0x00, 0x00, 0x0a, 0x40, 0x40,
  0x29, 0x00, 0x00, 0x00, 0x00, 0x00, 0x00, 0xd3, 0xff, 0xff, 0xff, 0xac, 0x00, 0x00, 0xae, 0xff,
  0xff, 0xff, 0x60, 0x00, 0x00, 0x00, 0x00, 0x3a, 0xff, 0xff, 0xff, 0xff, 0xad, 0x00, 0x16, 0xfc,
  0xff, 0xff, 0xff, 0xaf, 0x00, 0x00, 0x00, 0x00, 0x88, 0xff, 0xff, 0xff, 0xff, 0x64, 0x00, 0x75,
  0xff, 0xff, 0xff, 0xff, 0x78, 0x00, 0x08, 0x6c, 0x80, 0xe0, 0xff, 0xff, 0xff, 0xff, 0x8e, 0x80,
  0xdb, 0xff, 0xff, 0xff, 0xff, 0x8d, 0x24, 0x4d, 0xff, 0xff, 0xff, 0xff, 0xff, 0xff, 0xff, 0xff,
  0xff, 0xff, 0xff, 0xff, 0xff, 0xff, 0xff, 0xbf, 0x20, 0x8d, 0xc9, 0xff, 0xff, 0xff, 0xff, 0xa2,
  0x80, 0xad, 0xff, 0xff, 0xff, 0xff, 0xff, 0xff, 0x77, 0x00, 0x00, 0x84, 0xff, 0xff, 0xff, 0xff,
  0x16, 0x00, 0x7b, 0xff, 0xff, 0xff, 0xff, 0x24, 0x00, 0x00, 0x29, 0x80, 0xd8, 0xff, 0xff, 0xff,
  0xe2, 0x40, 0x40, 0xbe, 0xff, 0xff, 0xff, 0xdd, 0x00, 0x00, 0x00, 0x98, 0xff, 0xff, 0xff, 0xff,
  0xff, 0xff, 0xff, 0xff, 0xff, 0xff, 0xff, 0xff, 0xff, 0xc1, 0x00, 0x00, 0x36, 0x93, 0xff, 0xff,
  0xff, 0xff, 0x9e, 0x80, 0xb4, 0xff, 0xff, 0xff, 0xff, 0xff, 0xcb, 0x00, 0x00, 0x00, 0x3f, 0xff,
  0xff, 0xff, 0xff, 0x12, 0x00, 0x3d, 0xff, 0xff, 0xff, 0xff, 0x18, 0x00, 0x00, 0x00, 0x00, 0x4f,
  0xff, 0xff, 0xff, 0xd7, 0x00, 0x00, 0x58, 0xff, 0xff, 0xff, 0xda, 0x00, 0x00, 0x00, 0x00, 0x00,
  0x37, 0xff, 0xff, 0xff, 0x85, 0x00, 0x00, 0x4d, 0xff, 0xff, 0xff, 0x9a, 0x00, 0x00, 0x00, 0x00,
  0x00, 0x01, 0x79, 0xc0, 0xb5, 0x25, 0x00, 0x00, 0x0c, 0xbf, 0xff, 0xff, 0x3d, 0x00, 0x00, 0x00,
  0x00, 0x00, 0x00, 0x00, 0x00, 0x00, 0x00, 0x00, 0x00, 0x00, 0x00, 0x37, 0x33, 0x00, 0x00, 0x00,
  0x00, 0x00, 0x00, 0x00, 0x00, 0x32, 0xb1, 0xce, 0x12, 0x00, 0x00, 0x00, 0x00, 0x00, 0x00, 0x00,
  0x00, 0x00, 0x88, 0xff, 0xff, 0x2f, 0x00, 0x00, 0x00, 0x00, 0x00, 0x00, 0x00, 0x00, 0x0c, 0x95,
  0xff, 0xff, 0xca, 0xbf, 0x9e, 0x53, 0x00, 0x00, 0x00, 0x00, 0x26, 0xdd, 0xff, 0xff, 0xff, 0xff,
  0xff, 0xff, 0xff, 0x51, 0x00, 0x00, 0x0a, 0xe2, 0xff, 0xff, 0xff, 0xff, 0xff, 0xff, 0xff, 0xff,
  0x8d, 0x00, 0x00, 0x61, 0xff, 0xff, 0xff, 0xff, 0xff, 0xff, 0xff, 0xff, 0xff, 0x3f, 0x00, 0x00,
  0x7d, 0xff, 0xff, 0xff, 0xfa, 0x68, 0x66, 0x80, 0x7e, 0x2c, 0x00, 0x00, 0x00, 0x55, 0xff, 0xff,
  0xff, 0xf1, 0x68, 0x40, 0x34, 0x03, 0x00, 0x00, 0x00, 0x00, 0x07, 0xc0, 0xff, 0xff, 0xff, 0xff,
  0xff, 0xff, 0xff, 0xf3, 0x7f, 0x00, 0x00, 0x00, 0x03, 0x57, 0x9c, 0xc0, 0xd2, 0xff, 0xff, 0xff,
  0xff, 0xff, 0x62, 0x00, 0x00, 0x00, 0x00, 0x00, 0x00, 0x00, 0x10, 0x8f, 0xff, 0xff, 0xff, 0xd4,
  0x00, 0x00, 0x3e, 0xdb, 0xfe, 0xc1, 0x63, 0x40, 0xae, 0xff, 0xff, 0xff, 0xfe, 0x02, 0x00, 0xe0,
  0xff, 0xff, 0xff, 0xff, 0xff, 0xff, 0xff, 0xff, 0xff, 0xea, 0x00, 0x04, 0xff, 0xff, 0xff, 0xff,
  0xff, 0xff, 0xff, 0xff, 0xff, 0xff, 0x6b, 0x00, 0x00, 0x9e, 0xff, 0xff, 0xff, 0xff, 0xff, 0xff,
  0xff, 0xfa, 0x6e, 0x00, 0x00, 0x00, 0x02, 0x67, 0xb3, 0xd1, 0xfe, 0xff, 0xff, 0x82, 0x14, 0x00,
  0x00, 0x00, 0x00, 0x00, 0x00, 0x00, 0x00, 0x6f, 0xff, 0xff, 0x8a, 0x00, 0x00, 0x00, 0x00, 0x00,
  0x00, 0x00, 0x00, 0x00, 0x40, 0xfe, 0xfa, 0x5c, 0x00, 0x00, 0x00, 0x00, 0x00, 0x00, 0x00, 0x00,
  0x00, 0x00, 0x00, 0x00, 0x00, 0x00, 0x00, 0x00, 0x00, 0x00, 0x00, 0x00, 0x00, 0x00, 0x00, 0x00,
  0x00, 0x00, 0x00, 0x00, 0x00, 0x4f, 0xbd, 0x78, 0x04, 0x00, 0x00, 0x00, 0x00, 0x00, 0x0b, 0x72,
  0xc8, 0xfd, 0xcc, 0x3d, 0x00, 0x00, 0x00, 0x00, 0x41, 0xfe, 0xff, 0xff, 0x68, 0x00, 0x00, 0x00,
  0x00, 0x01, 0xc1, 0xff, 0xff, 0xda, 0xff, 0xff, 0x77, 0x00, 0x00, 0x15, 0xea, 0xff, 0xff, 0xff,
  0x41, 0x00, 0x00, 0x00, 0x00, 0x56, 0xff, 0xff, 0x6a, 0x00, 0x91, 0xff, 0xf6, 0x09, 0x00, 0xb6,
  0xff, 0xff, 0xff, 0xad, 0x00, 0x00, 0x00, 0x00, 0x00, 0xab, 0xff, 0xfd, 0x06, 0x00, 0x9b, 0xff,
  0xff, 0x27, 0x54, 0xff, 0xff, 0xff, 0xe4, 0x0e, 0x00, 0x00, 0x00, 0x00, 0x00, 0xc0, 0xff, 0xff,
  0xd8, 0xd3, 0xff, 0xff, 0xfe, 0x17, 0xda, 0xff, 0xff, 0xff, 0x50, 0x00, 0x00, 0x00, 0x00, 0x00,
  0x00, 0x99, 0xff, 0xff, 0xff, 0xff, 0xff, 0xff, 0xad, 0x64, 0xff, 0xff, 0xff, 0xba, 0x00, 0x00,
  0x00, 0x00, 0x00, 0x00, 0x00, 0x2a, 0xe6, 0xff, 0xff, 0xff, 0xff, 0xcc, 0x29, 0xe0, 0xff, 0xff,
  0xfa, 0x30, 0x06, 0x66, 0xab, 0x77, 0x21, 0x00, 0x00, 0x00, 0x11, 0x6c, 0x80, 0x7d, 0x44, 0x00,
  0x64, 0xff, 0xff, 0xff, 0x93, 0x17, 0xcc, 0xff, 0xff, 0xff, 0xff, 0x87, 0x00, 0x00, 0x00, 0x00,
  0x00, 0x00, 0x00, 0x00, 0xc9, 0xff, 0xff, 0xff, 0x2e, 0xc8, 0xff, 0xe9, 0x50, 0x70, 0xff, 0xff,
  0x47, 0x00, 0x00, 0x00, 0x00, 0x00, 0x00, 0x1f, 0xff, 0xff, 0xff, 0xb1, 0x31, 0xff, 0xff, 0x71,
  0x00, 0x0c, 0xff, 0xff, 0x8e, 0x00, 0x00, 0x00, 0x00, 0x00, 0x00, 0x6f, 0xff, 0xff, 0xff, 0x3b,
  0x58, 0xff, 0xff, 0xd4, 0x61, 0xaf, 0xff, 0xff, 0x8a, 0x00, 0x00, 0x00, 0x00, 0x00, 0x00, 0xbf,
  0xff, 0xff, 0xd4, 0x00, 0x3b, 0xff, 0xff, 0xff, 0xff, 0xff, 0xff, 0xff, 0x4c, 0x00, 0x00, 0x00,
  0x00, 0x00, 0x00, 0xdc, 0xff, 0xff, 0x7d, 0x00, 0x04, 0xd6, 0xff, 0xff, 0xff, 0xff, 0xff, 0xa6,
  0x00, 0x00, 0x00, 0x00, 0x00, 0x00, 0x00, 0x74, 0xf9, 0xf2, 0x21, 0x00, 0x00, 0x0d, 0x87, 0xc0,
  0xc0, 0xa6, 0x44, 0x00, 0x00, 0x00, 0x00, 0x00, 0x00, 0x00, 0x00, 0x00, 0x00, 0x00, 0x00, 0x39,
  0x72, 0x62, 0x16, 0x00, 0x00, 0x00, 0x00, 0x00, 0x00, 0x00, 0x00, 0x00, 0x00, 0x00, 0x7e, 0xff,
  0xff, 0xff, 0xff, 0x1d, 0x00, 0x00, 0x00, 0x00, 0x00, 0x00, 0x19, 0x38, 0x10, 0x00, 0xcd, 0xff,
  0xff, 0xff, 0xff, 0x16, 0x00, 0x00, 0x00, 0x0b, 0x78, 0xd7, 0xff, 0xff, 0xff, 0xc4, 0xed, 0xff,
  0xff, 0xff, 0xd4, 0x00, 0x00, 0x00, 0x03, 0xbf, 0xff, 0xff, 0xff, 0xff, 0xff, 0xff, 0xff, 0xff,
  0xff, 0xff, 0x96, 0x00, 0x00, 0x00, 0x51, 0xff, 0xff, 0xff, 0xff, 0xff, 0xff, 0xff, 0xff, 0xff,
  0xff, 0xff, 0x53, 0x00, 0x00, 0x00, 0x7c, 0xff, 0xff, 0xff, 0xff, 0x91, 0x52, 0xd5, 0xff, 0xff,
  0xff, 0xff, 0x10, 0x00, 0x00, 0x00, 0x51, 0xff, 0xff, 0xff, 0xff, 0x60, 0x00, 0x0e, 0x83, 0xff,
  0xff, 0xb9, 0x00, 0x00, 0x00, 0x00, 0x00, 0x87, 0xfa, 0xff, 0xff, 0xff, 0xff, 0xf3, 0x2a, 0x30,
  0x3f, 0x04, 0x00, 0x00, 0x00, 0x00, 0x00, 0x67, 0xf9, 0xff, 0xff, 0xff, 0xff, 0xff, 0x5b, 0x8e,
  0xd4, 0xfe, 0xff, 0xff, 0x74, 0x00, 0x63, 0xff, 0xff, 0xff, 0xff, 0xa4, 0x46, 0x3f, 0x56, 0xff,
  0xff, 0xff, 0xff, 0xff, 0x9a, 0x24, 0xf9, 0xff, 0xff, 0xff, 0xe0, 0x00, 0x00, 0x00, 0x95, 0xff,
  0xff, 0xff, 0xff, 0x9c, 0x12, 0x7b, 0xff, 0xff, 0xff, 0xff, 0xff, 0x40, 0x0e, 0x6e, 0xfd, 0xff,
  0xff, 0xff, 0xff, 0x2f, 0x00, 0x92, 0xff, 0xff, 0xff, 0xff, 0xff, 0xff, 0xff, 0xff, 0xff, 0xff,
  0xff, 0xff, 0xff, 0x56, 0x00, 0x67, 0xff, 0xff, 0xff, 0xff, 0xff, 0xff, 0xff, 0xff, 0xff, 0xff,
  0xff, 0xff, 0xff, 0x8b, 0x00, 0x0f, 0xc8, 0xff, 0xff, 0xff, 0xff, 0xff, 0xff, 0xff, 0xff, 0xf0,
  0xff, 0xff, 0xff, 0xc3, 0x00, 0x00, 0x0e, 0xa9, 0xff, 0xff, 0xff, 0xff, 0xfd, 0xca, 0x5a, 0x3a,
  0xf7, 0xff, 0xfa, 0x60, 0x00, 0x00, 0x00, 0x00, 0x16, 0x40, 0x40, 0x3a, 0x08, 0x00, 0x00, 0x00,
  0x2a, 0x40, 0x1f, 0x00, 0x00, 0x16, 0x7d, 0x80, 0x3c, 0x00, 0x8b, 0xff, 0xff, 0xf1, 0x04, 0x9d,
  0xff, 0xff, 0xff, 0x13, 0x3a, 0xf1, 0xff, 0xee, 0x02, 0x00, 0x98, 0xff, 0x74, 0x00, 0x00, 0x15,
  0x51, 0x00, 0x00, 0x00, 0x00, 0x00, 0x00, 0x00, 0x00, 0x00, 0x00, 0x00, 0x00, 0x00, 0x00, 0x00,
  0x73, 0xe6, 0xfd, 0x4e, 0x00, 0x00, 0x00, 0x00, 0xa0, 0xff, 0xff, 0xff, 0xb4, 0x00, 0x00, 0x00,
  0x5b, 0xff, 0xff, 0xff, 0xff, 0x83, 0x00, 0x00, 0x09, 0xe7, 0xff, 0xff, 0xff, 0xad, 0x02, 0x00,
  0x00, 0x6b, 0xff, 0xff, 0xff, 0xbd, 0x0c, 0x00, 0x00, 0x00, 0xc6, 0xff, 0xff, 0xf2, 0x10, 0x00,
  0x00, 0x00, 0x0a, 0xfc, 0xff, 0xff, 0x87, 0x00, 0x00, 0x00, 0x00, 0x38, 0xff, 0xff, 0xff, 0x32,
  0x00, 0x00, 0x00, 0x00, 0x57, 0xff, 0xff, 0xfc, 0x04, 0x00, 0x00, 0x00, 0x00, 0x6b, 0xff, 0xff,
  0xee, 0x00, 0x00, 0x00, 0x00, 0x00, 0x69, 0xff, 0xff, 0xfc, 0x07, 0x00, 0x00, 0x00, 0x00, 0x54,
  0xff, 0xff, 0xff, 0x3a, 0x00, 0x00, 0x00, 0x00, 0x31, 0xff, 0xff, 0xff, 0x9e, 0x00, 0x00, 0x00,
  0x00, 0x01, 0xee, 0xff, 0xff, 0xff, 0x4f, 0x00, 0x00, 0x00, 0x00, 0x94, 0xff, 0xff, 0xff, 0xff,
  0x66, 0x00, 0x00, 0x00, 0x20, 0xfb, 0xff, 0xff, 0xff, 0xff, 0xb3, 0x01, 0x00, 0x00, 0x65, 0xff,
  0xff, 0xff, 0xff, 0xff, 0x0d, 0x00, 0x00, 0x00, 0x79, 0xf5, 0xff, 0xff, 0xbd, 0x00, 0x00, 0x00,
  0x00, 0x00, 0x0f, 0x6c, 0x7b, 0x14, 0x00, 0x00, 0x00, 0x00, 0x00, 0x00, 0x00, 0x00, 0x00, 0x2b,
  0xd1, 0xff, 0xe2, 0x38, 0x00, 0x00, 0x00, 0xba, 0xff, 0xff, 0xff, 0xfe, 0x51, 0x00, 0x00, 0xaf,
  0xff, 0xff, 0xff, 0xff, 0xf8, 0x23, 0x00, 0x05, 0x55, 0xe1, 0xff, 0xff, 0xff, 0xab, 0x00, 0x00,
  0x00, 0x22, 0xed, 0xff, 0xff, 0xfe, 0x1a, 0x00, 0x00, 0x00, 0x35, 0xfb, 0xff, 0xff, 0x67, 0x00,
  0x00, 0x00, 0x00, 0xbf, 0xff, 0xff, 0x99, 0x00, 0x00, 0x00, 0x00, 0x89, 0xff, 0xff, 0xb4, 0x00,
  0x00, 0x00, 0x00, 0x79, 0xff, 0xff, 0xbc, 0x00, 0x00, 0x00, 0x00, 0x8b, 0xff, 0xff, 0xb2, 0x00,
  0x00, 0x00, 0x00, 0xba, 0xff, 0xff, 0x9b, 0x00, 0x00, 0x00, 0x0e, 0xf8, 0xff, 0xff, 0x6f, 0x00,
  0x00, 0x00, 0x7c, 0xff, 0xff, 0xff, 0x2b, 0x00, 0x00, 0x3b, 0xf8, 0xff, 0xff, 0xd6, 0x00, 0x00,
  0x28, 0xed, 0xff, 0xff, 0xff, 0x62, 0x00, 0x0c, 0xe3, 0xff, 0xff, 0xff, 0xd1, 0x04, 0x00, 0x66,
  0xff, 0xff, 0xff, 0xf6, 0x2c, 0x00, 0x00, 0x30, 0xfd, 0xff, 0xfb, 0x3f, 0x00, 0x00, 0x00, 0x00,
  0x3b, 0x80, 0x41, 0x00, 0x00, 0x00, 0x00, 0x00, 0x00, 0x11, 0xbd, 0xfa, 0x4a, 0x00, 0x00, 0x00,
  0x3f, 0x33, 0xff, 0xff, 0x66, 0x00, 0x00, 0x53, 0xff, 0xde, 0xff, 0xff, 0xc3, 0xf3, 0x35, 0x90,
  0xff, 0xff, 0xff, 0xff, 0xff, 0xff, 0x59, 0x05, 0x6c, 0xfd, 0xff, 0xff, 0xf8, 0x37, 0x00, 0x12,
  0xed, 0xff, 0xd1, 0xb3, 0xff, 0xf2, 0x04, 0x06, 0xbf, 0xff, 0x44, 0x16, 0xf6, 0x8c, 0x00, 0x00,
  0x00, 0x00, 0x00, 0x00, 0x00, 0x00, 0x00, 0x00, 0x00, 0x00, 0x32, 0xcf, 0xf2, 0x9d, 0x00, 0x00,
  0x00, 0x00, 0x00, 0x00, 0x00, 0x9d, 0xff, 0xff, 0xff, 0x12, 0x00, 0x00, 0x00, 0x00, 0x00, 0x00,
  0xb2, 0xff, 0xff, 0xff, 0x18, 0x00, 0x00, 0x00, 0x1c, 0xa0, 0xdc, 0xff, 0xff, 0xff, 0xff, 0xca,
  0xf6, 0x91, 0x00, 0x97, 0xff, 0xff, 0xff, 0xff, 0xff, 0xff, 0xff, 0xff, 0xfe, 0x01, 0xae, 0xff,
  0xff, 0xff, 0xff, 0xff, 0xff, 0xff, 0xff, 0xcf, 0x00, 0x51, 0xdc, 0xff, 0xff, 0xff, 0xff, 0xfb,
  0xc0, 0xb6, 0x45, 0x00, 0x00, 0x00, 0x00, 0xd7, 0xff, 0xff, 0xe4, 0x00, 0x00, 0x00, 0x00, 0x00,
  0x00, 0x00, 0xc7, 0xff, 0xff, 0xcf, 0x00, 0x00, 0x00, 0x00, 0x00, 0x00, 0x00, 0x4c, 0xb6, 0xbd,
  0x3f, 0x00, 0x00, 0x00, 0x00, 0x00, 0x26, 0x6f, 0x58, 0x0a, 0x00, 0x29, 0xfa, 0xff, 0xff, 0xca,
  0x00, 0x8f, 0xff, 0xff, 0xff, 0xff, 0x3b, 0x87, 0xff, 0xff, 0xff, 0xff, 0x51, 0x17, 0xb2, 0xfd,
  0xff, 0xff, 0x20, 0x00, 0x00, 0x00, 0xdc, 0xac, 0x00, 0x00, 0x00, 0x00, 0x9d, 0x0c, 0x00, 0x19,
  0xa7, 0xee, 0xff, 0xff, 0xf8, 0xcf, 0xf7, 0x8b, 0x86, 0xff, 0xff, 0xff, 0xff, 0xff, 0xff, 0xff,
  0xee, 0x99, 0xff, 0xff, 0xff, 0xff, 0xff, 0xff, 0xff, 0xc2, 0x49, 0xdc, 0xff, 0xf2, 0xc5, 0xc0,
  0xc0, 0xc0, 0x48, 0x00, 0x2a, 0x77, 0x7f, 0x1a, 0x00, 0x21, 0xfa, 0xff, 0xff, 0xe2, 0x14, 0x90,
  0xff, 0xff, 0xff, 0xff, 0x57, 0x98, 0xff, 0xff, 0xff, 0xff, 0x41, 0x2b, 0xd8, 0xff, 0xff, 0x9b,
  0x01, 0x00, 0x05, 0x3e, 0x0c, 0x00, 0x00, 0x00, 0x00, 0x00, 0x00, 0x00, 0x00, 0x1b, 0x21, 0x00,
  0x00, 0x00, 0x00, 0x00, 0x00, 0x00, 0x06, 0xda, 0xfd, 0x9e, 0x13, 0x00, 0x00, 0x00, 0x00, 0x00,
  0x77, 0xff, 0xff, 0xff, 0x70, 0x00, 0x00, 0x00, 0x00, 0x06, 0xeb, 0xff, 0xff, 0xf2, 0x19, 0x00,
  0x00, 0x00, 0x00, 0x6b, 0xff, 0xff, 0xff, 0x77, 0x00, 0x00, 0x00, 0x00, 0x0e, 0xea, 0xff, 0xff,
  0xe3, 0x07, 0x00, 0x00, 0x00, 0x00, 0x84, 0xff, 0xff, 0xff, 0x5e, 0x00, 0x00, 0x00, 0x00, 0x09,
  0xf2, 0xff, 0xff, 0xd8, 0x02, 0x00, 0x00, 0x00, 0x00, 0x71, 0xff, 0xff, 0xff, 0x50, 0x00, 0x00,
  0x00, 0x00, 0x04, 0xe8, 0xff, 0xff, 0xd7, 0x01, 0x00, 0x00, 0x00, 0x00, 0x56, 0xff, 0xff, 0xff,
  0x64, 0x00, 0x00, 0x00, 0x00, 0x00, 0xbe, 0xff, 0xff, 0xeb, 0x07, 0x00, 0x00, 0x00, 0x00, 0x25,
  0xff, 0xff, 0xff, 0x88, 0x00, 0x00, 0x00, 0x00, 0x00, 0x7e, 0xff, 0xff, 0xff, 0x2a, 0x00, 0x00,
  0x00, 0x00, 0x00, 0xc1, 0xff, 0xff, 0xcd, 0x00, 0x00, 0x00, 0x00, 0x00, 0x00, 0xc1, 0xff, 0xff,
  0x61, 0x00, 0x00, 0x00, 0x00, 0x00, 0x00, 0x0a, 0x5e, 0x73, 0x00, 0x00, 0x00, 0x00, 0x00, 0x00,
  0x00, 0x00, 0x00, 0x00, 0x00, 0x55, 0xb3, 0xc0, 0xc0, 0x93, 0x55, 0x05, 0x00, 0x00, 0x00, 0x00,
  0x02, 0x92, 0xff, 0xff, 0xff, 0xff, 0xff, 0xff, 0xd6, 0x0f, 0x00, 0x00, 0x00, 0x8a, 0xff, 0xff,
  0xff, 0xff, 0xff, 0xff, 0xff, 0xff, 0xab, 0x00, 0x00, 0x2c, 0xfe, 0xff, 0xff, 0xff, 0xcd, 0x95,
  0xf2, 0xff, 0xff, 0xff, 0x3f, 0x00, 0xa6, 0xff, 0xff, 0xff, 0xb4, 0x00, 0x00, 0x32, 0xff, 0xff,
  0xff, 0xa2, 0x10, 0xfa, 0xff, 0xff, 0xff, 0x41, 0x00, 0x00, 0x00, 0xf6, 0xff, 0xff, 0xd2, 0x4b,
  0xff, 0xff, 0xff, 0xf3, 0x03, 0x00, 0x00, 0x00, 0xf1, 0xff, 0xff, 0xe7, 0x6c, 0xff, 0xff, 0xff,
  0xd7, 0x00, 0x00, 0x00, 0x18, 0xff, 0xff, 0xff, 0xe3, 0x7c, 0xff, 0xff, 0xff, 0xf4, 0x06, 0x00,
  0x00, 0x67, 0xff, 0xff, 0xff, 0xce, 0x77, 0xff, 0xff, 0xff, 0xff, 0x87, 0x02, 0x2c, 0xee, 0xff,
  0xff, 0xff, 0xa3, 0x5e, 0xff, 0xff, 0xff, 0xff, 0xff, 0xff, 0xff, 0xff, 0xff, 0xff, 0xff, 0x5d,
  0x1a, 0xfb, 0xff, 0xff, 0xff, 0xff, 0xff, 0xff, 0xff, 0xff, 0xff, 0xea, 0x09, 0x00, 0xa1, 0xff,
  0xff, 0xff, 0xff, 0xff, 0xff, 0xff, 0xff, 0xff, 0x61, 0x00, 0x00, 0x19, 0xf0, 0xff, 0xff, 0xff,
  0xff, 0xff, 0xff, 0xff, 0x94, 0x00, 0x00, 0x00, 0x00, 0x33, 0xde, 0xff, 0xff, 0xff, 0xff, 0xf3,
  0x75, 0x00, 0x00, 0x00, 0x00, 0x00, 0x00, 0x02, 0x39, 0x75, 0x76, 0x43, 0x0a, 0x00, 0x00, 0x00,
  0x00, 0x00, 0x00, 0x00, 0x00, 0x47, 0xc1, 0xff, 0xa0, 0x01, 0x00, 0x00, 0x00, 0x09, 0xa8, 0xff,
  0xff, 0xff, 0xff, 0x2e, 0x00, 0x00, 0x15, 0xcb, 0xff, 0xff, 0xff, 0xff, 0xfe, 0x12, 0x00, 0x13,
  0xd8, 0xff, 0xff, 0xff, 0xff, 0xff, 0xd1, 0x00, 0x00, 0x79, 0xff, 0xff, 0xff, 0xff, 0xff, 0xff,
  0x88, 0x00, 0x00, 0xa0, 0xff, 0xff, 0xff, 0xff, 0xff, 0xff, 0x4c, 0x00, 0x00, 0x28, 0xbd, 0x9f,
  0xff, 0xff, 0xff, 0xff, 0x1e, 0x00, 0x00, 0x00, 0x00, 0x13, 0xff, 0xff, 0xff, 0xff, 0x04, 0x00,
  0x00, 0x00, 0x00, 0x2e, 0xff, 0xff, 0xff, 0xf2, 0x00, 0x00, 0x00, 0x00, 0x00, 0x43, 0xff, 0xff,
  0xff, 0xf0, 0x00, 0x00, 0x00, 0x00, 0x00, 0x41, 0xff, 0xff, 0xff, 0xfe, 0x04, 0x00, 0x00, 0x00,
  0x00, 0x39, 0xff, 0xff, 0xff, 0xff, 0x33, 0x00, 0x00, 0x00, 0x24, 0x81, 0xff, 0xff, 0xff, 0xff,
  0xc9, 0x7c, 0x0c, 0x3d, 0xf8, 0xff, 0xff, 0xff, 0xff, 0xff, 0xff, 0xff, 0x69, 0x5e, 0xff, 0xff,
  0xff, 0xff, 0xff, 0xff, 0xff, 0xff, 0x3a, 0x0a, 0x6a, 0x80, 0x80, 0x77, 0x59, 0x41, 0x40, 0x1d,
  0x00, 0x00, 0x00, 0x00, 0x15, 0x6d, 0x98, 0xb8, 0xaa, 0x86, 0x30, 0x00, 0x00, 0x00, 0x00, 0x00,
  0x5f, 0xf1, 0xff, 0xff, 0xff, 0xff, 0xff, 0xff, 0xaa, 0x0a, 0x00, 0x00, 0x4f, 0xff, 0xff, 0xff,
  0xff, 0xff, 0xff, 0xff, 0xff, 0xff, 0xa1, 0x00, 0x05, 0xe8, 0xff, 0xff, 0xff, 0xff, 0xd6, 0xfc,
  0xff, 0xff, 0xff, 0xfe, 0x1c, 0x34, 0xff, 0xff, 0xff, 0xff, 0x8a, 0x00, 0x39, 0xff, 0xff, 0xff,
  0xff, 0x5a, 0x3e, 0xff, 0xff, 0xff, 0xff, 0x4c, 0x00, 0x12, 0xff, 0xff, 0xff, 0xff, 0x66, 0x0f,
  0xf7, 0xff, 0xff, 0xff, 0x5f, 0x10, 0xc4, 0xff, 0xff, 0xff, 0xff, 0x31, 0x00, 0x46, 0xe8, 0xff,
  0xb4, 0x63, 0xe1, 0xff, 0xff, 0xff, 0xff, 0xb1, 0x00, 0x00, 0x00, 0x0f, 0x71, 0xf3, 0xff, 0xff,
  0xff, 0xff, 0xff, 0xc8, 0x13, 0x00, 0x00, 0x28, 0xe7, 0xff, 0xff, 0xff, 0xff, 0xff, 0xe5, 0x7d,
  0x05, 0x00, 0x00, 0x01, 0xcb, 0xff, 0xff, 0xff, 0xff, 0xea, 0x5d, 0x4d, 0x8a, 0xa5, 0x2d, 0x00,
  0x44, 0xff, 0xff, 0xff, 0xff, 0xff, 0xff, 0xff, 0xff, 0xff, 0xff, 0xdf, 0x00, 0x70, 0xff, 0xff,
  0xff, 0xff, 0xff, 0xff, 0xff, 0xff, 0xff, 0xff, 0xff, 0x10, 0x4b, 0xff, 0xff, 0xff, 0xff, 0xff,
  0xff, 0xff, 0xff, 0xff, 0xff, 0xec, 0x01, 0x00, 0x4d, 0xce, 0xff, 0xff, 0xff, 0xff, 0xff, 0xff,
  0xff, 0xe6, 0x51, 0x00, 0x00, 0x00, 0x00, 0x07, 0x36, 0x40, 0x40, 0x40, 0x40, 0x39, 0x03, 0x00,
  0x00, 0x00, 0x00, 0x17, 0x74, 0xb6, 0xc0, 0xb7, 0x75, 0x19, 0x00, 0x00, 0x00, 0x00, 0x45, 0xef,
  0xff, 0xff, 0xff, 0xff, 0xff, 0xf7, 0x4a, 0x00, 0x00, 0x03, 0xf2, 0xff, 0xff, 0xff, 0xff, 0xff,
  0xff, 0xff, 0xef, 0x0a, 0x00, 0x0a, 0xfc, 0xff, 0xff, 0xfe, 0x9f, 0xa2, 0xff, 0xff, 0xff, 0x33,
  0x00, 0x00, 0x84, 0xff, 0xff, 0x6e, 0x00, 0x78, 0xff, 0xff, 0xff, 0x26, 0x00, 0x00, 0x00, 0x37,
  0x2c, 0x00, 0x4b, 0xf5, 0xff, 0xff, 0xc1, 0x00, 0x00, 0x00, 0x00, 0x00, 0x6e, 0xfb, 0xff, 0xff,
  0xff, 0xd5, 0x18, 0x00, 0x00, 0x00, 0x00, 0x00, 0xdb, 0xff, 0xff, 0xff, 0xff, 0xf5, 0x90, 0x07,
  0x00, 0x00, 0x00, 0x00, 0x8c, 0xf8, 0xff, 0xff, 0xff, 0xff, 0xff, 0xa9, 0x00, 0x00, 0x00, 0x00,
  0x00, 0x00, 0x00, 0x4f, 0xff, 0xff, 0xff, 0xff, 0x26, 0x00, 0x00, 0x00, 0x00, 0x0e, 0x58, 0xde,
  0xff, 0xff, 0xff, 0xff, 0x5c, 0x36, 0xda, 0xff, 0xff, 0xff, 0xff, 0xff, 0xff, 0xff, 0xff, 0xff,
  0x51, 0x9b, 0xff, 0xff, 0xff, 0xff, 0xff, 0xff, 0xff, 0xff, 0xff, 0xf4, 0x0f, 0x89, 0xff, 0xff,
  0xff, 0xff, 0xff, 0xff, 0xff, 0xff, 0xfe, 0x5f, 0x00, 0x2e, 0xf6, 0xff, 0xff, 0xff, 0xff, 0xff,
  0xff, 0xb3, 0x37, 0x00, 0x00, 0x00, 0x0e, 0x56, 0x80, 0x80, 0x80, 0x73, 0x28, 0x00, 0x00, 0x00,
  0x00, 0x00, 0x00, 0x00, 0x00, 0x00, 0x00, 0x71, 0xb5, 0x86, 0x23, 0x00, 0x00, 0x00, 0x00, 0x00,
  0x00, 0x00, 0x00, 0x00, 0x01, 0xa2, 0xff, 0xff, 0xff, 0xdd, 0x07, 0x00, 0x00, 0x00, 0x00, 0x00,
  0x00, 0x00, 0x00, 0x91, 0xff, 0xff, 0xff, 0xff, 0xff, 0x1a, 0x00, 0x00, 0x00, 0x00, 0x00, 0x00,
  0x00, 0x7b, 0xff, 0xff, 0xff, 0xff, 0xff, 0xa0, 0x24, 0x40, 0x14, 0x00, 0x00, 0x00, 0x00, 0x49,
  0xff, 0xff, 0xff, 0xff, 0xff, 0xcd, 0x5b, 0xff, 0xff, 0xf6, 0x58, 0x00, 0x00, 0x09, 0xe3, 0xff,
  0xff, 0xff, 0xff, 0xd7, 0x0e, 0x99, 0xff, 0xff, 0xff, 0xc6, 0x00, 0x00, 0x7d, 0xff, 0xff, 0xff,
  0xff, 0xf6, 0x27, 0x00, 0xb5, 0xff, 0xff, 0xff, 0xa3, 0x00, 0x09, 0xed, 0xff, 0xff, 0xff, 0xff,
  0x76, 0x00, 0x00, 0xc1, 0xff, 0xff, 0xff, 0x58, 0x00, 0x55, 0xff, 0xff, 0xff, 0xff, 0xff, 0x14,
  0x00, 0x00, 0xe1, 0xff, 0xff, 0xff, 0x19, 0x00, 0x90, 0xff, 0xff, 0xff, 0xff, 0xe3, 0x05, 0x09,
  0x77, 0xff, 0xff, 0xff, 0xff, 0x20, 0x00, 0xa7, 0xff, 0xff, 0xff, 0xff, 0xff, 0xff, 0xff, 0xff,
  0xff, 0xff, 0xff, 0xff, 0xfb, 0x4a, 0x8c, 0xff, 0xff, 0xff, 0xff, 0xff, 0xff, 0xff, 0xff, 0xff,
  0xff, 0xff, 0xff, 0xff, 0x8e, 0x28, 0xe8, 0xff, 0xff, 0xff, 0xff, 0xff, 0xff, 0xff, 0xff, 0xff,
  0xff, 0xfb, 0xc3, 0x3c, 0x00, 0x14, 0x7a, 0x80, 0x80, 0x66, 0x41, 0x3b, 0x81, 0xff, 0xff, 0xff,
  0x23, 0x00, 0x00, 0x00, 0x00, 0x00, 0x00, 0x00, 0x00, 0x00, 0x00, 0x70, 0xff, 0xff, 0xff, 0x41,
  0x00, 0x00, 0x00, 0x00, 0x00, 0x00, 0x00, 0x00, 0x00, 0x00, 0x11, 0x89, 0xb2, 0x58, 0x08, 0x00,
  0x00, 0x00, 0x00, 0x00, 0x00, 0x00, 0x00, 0x00, 0x00, 0x00, 0x1a, 0x00, 0x00, 0x00, 0x00, 0x00,
  0x2f, 0x71, 0x9e, 0xbf, 0xc0, 0xe3, 0xff, 0xff, 0x83, 0x00, 0x00, 0x00, 0xac, 0xff, 0xff, 0xff,
  0xff, 0xff, 0xff, 0xff, 0xff, 0xff, 0x20, 0x00, 0x19, 0xff, 0xff, 0xff, 0xff, 0xff, 0xff, 0xff,
  0xff, 0xff, 0xff, 0x2f, 0x00, 0x42, 0xff, 0xff, 0xff, 0xff, 0xff, 0xff, 0xff, 0xff, 0xff, 0xd9,
  0x02, 0x00, 0x5b, 0xff, 0xff, 0xff, 0xc9, 0xc0, 0xc0, 0xc0, 0xbd, 0x7c, 0x17, 0x00, 0x00, 0x6f,
  0xff, 0xff, 0xff, 0x0e, 0x00, 0x09, 0x3f, 0x40, 0x27, 0x00, 0x00, 0x00, 0x5f, 0xff, 0xff, 0xff,
  0xe7, 0xc2, 0xf6, 0xff, 0xff, 0xff, 0x94, 0x04, 0x00, 0x37, 0xff, 0xff, 0xff, 0xff, 0xff, 0xff,
  0xff, 0xff, 0xff, 0xff, 0x79, 0x00, 0x01, 0xb2, 0xff, 0xff, 0xff, 0xf3, 0xc9, 0xff, 0xff, 0xff,
  0xff, 0xdd, 0x00, 0x00, 0x00, 0x22, 0x69, 0x41, 0x05, 0x00, 0x0b, 0xf0, 0xff, 0xff, 0xff, 0x0b,
  0x00, 0x11, 0xbf, 0xff, 0xff, 0xc1, 0x01, 0x02, 0xe5, 0xff, 0xff, 0xff, 0x08, 0x00, 0xab, 0xff,
  0xff, 0xff, 0xff, 0x99, 0xa0, 0xff, 0xff, 0xff, 0xd1, 0x00, 0x00, 0xce, 0xff, 0xff, 0xff, 0xff,
  0xff, 0xff, 0xff, 0xff, 0xff, 0x64, 0x00, 0x00, 0x84, 0xff, 0xff, 0xff, 0xff, 0xff, 0xff, 0xff,
  0xff, 0xb5, 0x01, 0x00, 0x00, 0x08, 0xc6, 0xff, 0xff, 0xff, 0xff, 0xff, 0xff, 0x8c, 0x03, 0x00,
  0x00, 0x00, 0x00, 0x06, 0x75, 0xc0, 0xc0, 0xbe, 0x8a, 0x2a, 0x00, 0x00, 0x00, 0x00, 0x00, 0x00,
  0x00, 0x00, 0x00, 0x00, 0x00, 0x00, 0x00, 0x00, 0x00, 0x00, 0x00, 0x00, 0x00, 0x00, 0x00, 0x00,
  0x00, 0x00, 0x39, 0xae, 0xf3, 0xe0, 0x5e, 0x00, 0x00, 0x00, 0x00, 0x00, 0x00, 0x00, 0x00, 0x02,
  0x86, 0xff, 0xff, 0xff, 0xff, 0xfd, 0x1a, 0x00, 0x00, 0x00, 0x00, 0x00, 0x00, 0x02, 0xae, 0xff,
  0xff, 0xff, 0xff, 0xff, 0xff, 0x47, 0x00, 0x00, 0x00, 0x00, 0x00, 0x00, 0x83, 0xff, 0xff, 0xff,
  0xff, 0xff, 0xff, 0xdc, 0x15, 0x00, 0x00, 0x00, 0x00, 0x00, 0x2e, 0xff, 0xff, 0xff, 0xff, 0xff,
  0xe8, 0x5e, 0x05, 0x00, 0x00, 0x00, 0x00, 0x00, 0x00, 0xa9, 0xff, 0xff, 0xff, 0xfc, 0x74, 0x04,
  0x00, 0x00, 0x00, 0x00, 0x00, 0x00, 0x00, 0x1a, 0xfe, 0xff, 0xff, 0xff, 0x82, 0x80, 0xda, 0xff,
  0xfc, 0xde, 0xb4, 0x55, 0x00, 0x00, 0x59, 0xff, 0xff, 0xff, 0xff, 0xf7, 0xff, 0xff, 0xff, 0xff,
  0xff, 0xff, 0xff, 0x65, 0x00, 0x7f, 0xff, 0xff, 0xff, 0xff, 0xff, 0xbe, 0x61, 0x5d, 0xf0, 0xff,
  0xff, 0xff, 0xee, 0x09, 0x87, 0xff, 0xff, 0xff, 0xff, 0xd2, 0x05, 0x00, 0x00, 0xe4, 0xff, 0xff,
  0xff, 0xff, 0x3a, 0x6e, 0xff, 0xff, 0xff, 0xff, 0x70, 0x00, 0x00, 0x6f, 0xff, 0xff, 0xff, 0xff,
  0xff, 0x3e, 0x23, 0xff, 0xff, 0xff, 0xff, 0xd9, 0x4b, 0x7c, 0xff, 0xff, 0xff, 0xff, 0xff, 0xfc,
  0x13, 0x00, 0xb1, 0xff, 0xff, 0xff, 0xff, 0xff, 0xff, 0xff, 0xff, 0xff, 0xff, 0xff, 0x97, 0x00,
  0x00, 0x18, 0xea, 0xff, 0xff, 0xff, 0xff, 0xff, 0xff, 0xff, 0xff, 0xff, 0xe8, 0x10, 0x00, 0x00,
  0x00, 0x1c, 0xae, 0xfe, 0xff, 0xff, 0xff, 0xff, 0xff, 0xff, 0xce, 0x29, 0x00, 0x00, 0x00, 0x00,
  0x00, 0x00, 0x1a, 0x60, 0x93, 0xbe, 0xac, 0x81, 0x36, 0x00, 0x00, 0x00, 0x00, 0x28, 0x9f, 0xc0,
  0xc0, 0xc0, 0xc0, 0xc0, 0xc0, 0xc0, 0xb9, 0x75, 0x01, 0x9d, 0xff, 0xff, 0xff, 0xff, 0xff, 0xff,
  0xff, 0xff, 0xff, 0xff, 0x46, 0xc9, 0xff, 0xff, 0xff, 0xff, 0xff, 0xff, 0xff, 0xff, 0xff, 0xff,
  0x2e, 0xbb, 0xff, 0xff, 0xff, 0xff, 0xff, 0xff, 0xff, 0xff, 0xff, 0xc7, 0x00, 0x52, 0xf8, 0xff,
  0xe3, 0xc0, 0xc0, 0xf1, 0xff, 0xff, 0xff, 0x2e, 0x00, 0x00, 0x00, 0x00, 0x00, 0x00, 0x07, 0xee,
  0xff, 0xff, 0xb2, 0x00, 0x00, 0x00, 0x00, 0x00, 0x00, 0x00, 0x68, 0xff, 0xff, 0xff, 0x40, 0x00,
  0x00, 0x00, 0x00, 0x00, 0x00, 0x19, 0xf2, 0xff, 0xff, 0xd9, 0x00, 0x00, 0x00, 0x00, 0x00, 0x00,
  0x00, 0xa3, 0xff, 0xff, 0xff, 0x7b, 0x00, 0x00, 0x00, 0x00, 0x00, 0x00, 0x28, 0xff, 0xff, 0xff,
  0xff, 0x32, 0x00, 0x00, 0x00, 0x00, 0x00, 0x00, 0x9f, 0xff, 0xff, 0xff, 0xf3, 0x02, 0x00, 0x00,
  0x00, 0x00, 0x00, 0x1b, 0xfe, 0xff, 0xff, 0xff, 0xb5, 0x00, 0x00, 0x00, 0x00, 0x00, 0x00, 0x74,
  0xff, 0xff, 0xff, 0xff, 0x7e, 0x00, 0x00, 0x00, 0x00, 0x00, 0x00, 0xb8, 0xff, 0xff, 0xff, 0xff,
  0x54, 0x00, 0x00, 0x00, 0x00, 0x00, 0x00, 0xb7, 0xff, 0xff, 0xff, 0xff, 0x1f, 0x00, 0x00, 0x00,
  0x00, 0x00, 0x00, 0x3d, 0xdf, 0xff, 0xed, 0x8c, 0x00, 0x00, 0x00, 0x00, 0x00, 0x00, 0x00, 0x00,
  0x00, 0x00, 0x00, 0x00, 0x00, 0x00, 0x00, 0x00, 0x00, 0x00, 0x00, 0x00, 0x00, 0x00, 0x00, 0x00,
  0x00, 0x00, 0x00, 0x00, 0x00, 0x00, 0x00, 0x00, 0x00, 0x00, 0x21, 0x85, 0xb1, 0xd6, 0xf8, 0xea,
  0xd1, 0x9b, 0x1c, 0x00, 0x00, 0x00, 0x00, 0x4d, 0xf9, 0xff, 0xff, 0xff, 0xff, 0xff, 0xff, 0xff,
  0xe7, 0x24, 0x00, 0x00, 0x2f, 0xf8, 0xff, 0xff, 0xff, 0xff, 0xce, 0xfd, 0xff, 0xff, 0xff, 0xbe,
  0x00, 0x00, 0x9e, 0xff, 0xff, 0xff, 0xe9, 0x2b, 0x00, 0x2e, 0xf7, 0xff, 0xff, 0xff, 0x06, 0x00,
  0xba, 0xff, 0xff, 0xff, 0xbc, 0x02, 0x00, 0x1a, 0xef, 0xff, 0xff, 0xf2, 0x04, 0x00, 0x92, 0xff,
  0xff, 0xff, 0xff, 0xd6, 0x9e, 0xf8, 0xff, 0xff, 0xff, 0x8b, 0x00, 0x00, 0x22, 0xf0, 0xff, 0xff,
  0xff, 0xff, 0xff, 0xff, 0xff, 0xff, 0xc7, 0x09, 0x00, 0x00, 0x50, 0xf5, 0xff, 0xff, 0xff, 0xff,
  0xff, 0xff, 0xff, 0xff, 0xe7, 0x4e, 0x00, 0x16, 0xf5, 0xff, 0xff, 0xff, 0x8c, 0x00, 0x00, 0x19,
  0xec, 0xff, 0xff, 0xfc, 0x31, 0x6f, 0xff, 0xff, 0xff, 0xff, 0x47, 0x00, 0x00, 0x15, 0xf4, 0xff,
  0xff, 0xff, 0x90, 0x8a, 0xff, 0xff, 0xff, 0xff, 0xea, 0x81, 0x89, 0xea, 0xff, 0xff, 0xff, 0xff,
  0xa0, 0x5d, 0xff, 0xff, 0xff, 0xff, 0xff, 0xff, 0xff, 0xff, 0xff, 0xff, 0xff, 0xff, 0x6a, 0x09,
  0xe9, 0xff, 0xff, 0xff, 0xff, 0xff, 0xff, 0xff, 0xff, 0xff, 0xff, 0xe8, 0x0c, 0x00, 0x44, 0xf4,
  0xff, 0xff, 0xff, 0xff, 0xff, 0xff, 0xff, 0xff, 0xe8, 0x33, 0x00, 0x00, 0x00, 0x21, 0x97, 0xe0,
  0xff, 0xff, 0xff, 0xea, 0xa8, 0x68, 0x0f, 0x00, 0x00, 0x00, 0x00, 0x00, 0x00, 0x00, 0x21, 0x3f,
  0x1d, 0x00, 0x00, 0x00, 0x00, 0x00, 0x00, 0x00, 0x00, 0x00, 0x00, 0x00, 0x00, 0x00, 0x00, 0x00,
  0x00, 0x00, 0x00, 0x00, 0x00, 0x00, 0x00, 0x00, 0x00, 0x30, 0x8d, 0xcc, 0xf8, 0xfc, 0xe3, 0xc6,
  0x7e, 0x12, 0x00, 0x00, 0x00, 0x00, 0x01, 0x95, 0xff, 0xff, 0xff, 0xff, 0xff, 0xff, 0xff, 0xff,
  0xdf, 0x28, 0x00, 0x00, 0x00, 0x81, 0xff, 0xff, 0xff, 0xff, 0xff, 0xff, 0xff, 0xff, 0xff, 0xff,
  0xde, 0x0e, 0x00, 0x22, 0xfd, 0xff, 0xff, 0xff, 0xff, 0xff, 0xff, 0xff, 0xff, 0xff, 0xff, 0xff,
  0x91, 0x00, 0x6b, 0xff, 0xff, 0xff, 0xff, 0xff, 0xc7, 0x2b, 0x1f, 0xd5, 0xff, 0xff, 0xff, 0xf9,
  0x09, 0x87, 0xff, 0xff, 0xff, 0xff, 0xe0, 0x05, 0x00, 0x00, 0xc6, 0xff, 0xff, 0xff, 0xff, 0x32,
  0x70, 0xff, 0xff, 0xff, 0xff, 0x91, 0x00, 0x00, 0x4e, 0xff, 0xff, 0xff, 0xff, 0xff, 0x45, 0x24,
  0xfe, 0xff, 0xff, 0xff, 0xe7, 0x81, 0xa1, 0xfb, 0xff, 0xff, 0xff, 0xff, 0xff, 0x3a, 0x00, 0x51,
  0xee, 0xff, 0xff, 0xff, 0xff, 0xff, 0xee, 0xc7, 0xff, 0xff, 0xff, 0xfc, 0x0e, 0x00, 0x00, 0x13,
  0x80, 0xbd, 0xb9, 0x8c, 0x77, 0x32, 0xe8, 0xff, 0xff, 0xff, 0xbf, 0x00, 0x00, 0x00, 0x32, 0x2c,
  0x09, 0x05, 0x30, 0x6d, 0xe3, 0xff, 0xff, 0xff, 0xff, 0x55, 0x00, 0x00, 0x33, 0xff, 0xff, 0xff,
  0xff, 0xff, 0xff, 0xff, 0xff, 0xff, 0xff, 0xc0, 0x00, 0x00, 0x00, 0x7b, 0xff, 0xff, 0xff, 0xff,
  0xff, 0xff, 0xff, 0xff, 0xff, 0xeb, 0x1c, 0x00, 0x00, 0x00, 0x5b, 0xff, 0xff, 0xff, 0xff, 0xff,
  0xff, 0xff, 0xff, 0xe8, 0x31, 0x00, 0x00, 0x00, 0x00, 0x03, 0xa6, 0xff, 0xff, 0xff, 0xff, 0xff,
  0xeb, 0x7d, 0x0f, 0x00, 0x00, 0x00, 0x00, 0x00, 0x00, 0x00, 0x24, 0x49, 0x7d, 0x64, 0x34, 0x03,
  0x00, 0x00, 0x00, 0x00, 0x00, 0x00, 0x00, 0x00, 0x2c, 0x39, 0x00, 0x00, 0x00, 0xb0, 0xff, 0xff,
  0xdf, 0x1e, 0x3f, 0xff, 0xff, 0xff, 0xff, 0x94, 0x60, 0xff, 0xff, 0xff, 0xff, 0x90, 0x1b, 0xe4,
  0xff, 0xff, 0xee, 0x2b, 0x00, 0x0f, 0x75, 0x7e, 0x1d, 0x00, 0x00, 0x01, 0x2f, 0x40, 0x0c, 0x00,
  0x09, 0xcc, 0xff, 0xff, 0xd2, 0x13, 0x62, 0xff, 0xff, 0xff, 0xff, 0x7f, 0x75, 0xff, 0xff, 0xff,
  0xff, 0x76, 0x2c, 0xed, 0xff, 0xff, 0xe6, 0x1f, 0x00, 0x15, 0x79, 0x58, 0x15, 0x00, 0x00, 0x01,
  0x2f, 0x36, 0x00, 0x00, 0x00, 0xc3, 0xff, 0xff, 0xd2, 0x13, 0x51, 0xff, 0xff, 0xff, 0xff, 0x7d,
  0x75, 0xff, 0xff, 0xff, 0xff, 0x7a, 0x2c, 0xed, 0xff, 0xff, 0xe6, 0x1f, 0x00, 0x15, 0x79, 0x7b,
  0x16, 0x00, 0x00, 0x00, 0x00, 0x00, 0x00, 0x00, 0x00, 0x14, 0x62, 0x68, 0x1b, 0x00, 0x08, 0xdf,
  0xff, 0xff, 0xf0, 0x18, 0x50, 0xff, 0xff, 0xff, 0xff, 0x79, 0x46, 0xff, 0xff, 0xff, 0xff, 0x90,
  0x02, 0x91, 0xf5, 0xff, 0xff, 0x5c, 0x00, 0x00, 0x00, 0x9e, 0xe1, 0x09, 0x00, 0x00, 0x00, 0x82,
  0x27, 0x00, 0x00, 0x00, 0x00, 0x00, 0x00, 0x4c, 0xa7, 0x1b, 0x00, 0x00, 0x00, 0x00, 0x07, 0xad,
  0xff, 0xff, 0xd4, 0x05, 0x00, 0x00, 0x1f, 0xd0, 0xff, 0xff, 0xff, 0xff, 0x33, 0x00, 0x21, 0xec,
  0xff, 0xff, 0xff, 0xff, 0xbc, 0x05, 0x0a, 0xd3, 0xff, 0xff, 0xff, 0xf3, 0x79, 0x00, 0x00, 0x6c,
  0xff, 0xff, 0xff, 0xdb, 0x28, 0x00, 0x00, 0x00, 0xa4, 0xff, 0xff, 0xff, 0x9f, 0x08, 0x00, 0x00,
  0x00, 0x8b, 0xff, 0xff, 0xff, 0xff, 0xf2, 0xac, 0x5e, 0x05, 0x17, 0xdb, 0xff, 0xff, 0xff, 0xff,
  0xff, 0xff, 0x92, 0x00, 0x11, 0xc2, 0xff, 0xff, 0xff, 0xff, 0xff, 0xa7, 0x00, 0x00, 0x00, 0x5a,
  0xc2, 0xff, 0xff, 0xff, 0x4d, 0x00, 0x00, 0x00, 0x00, 0x00, 0x1c, 0x6f, 0x37, 0x00, 0x00, 0x5f,
  0x80, 0x80, 0x80, 0x80, 0x7b, 0x1c, 0x3c, 0xff, 0xff, 0xff, 0xff, 0xff, 0xff, 0xac, 0x5a, 0xff,
  0xff, 0xff, 0xff, 0xff, 0xff, 0x90, 0x08, 0x94, 0xc0, 0xc0, 0x9a, 0xb3, 0x82, 0x17, 0x00, 0x2c,
  0x40, 0x40, 0x40, 0x40, 0x33, 0x00, 0x4b, 0xff, 0xff, 0xff, 0xff, 0xff, 0xff, 0x69, 0x88, 0xff,
  0xff, 0xff, 0xff, 0xff, 0xff, 0x72, 0x34, 0xe5, 0xff, 0xff, 0xcd, 0xc0, 0xbb, 0x18, 0x00, 0x12,
  0xa3, 0x59, 0x04, 0x00, 0x00, 0x00, 0x00, 0x00, 0xc0, 0xff, 0xff, 0xc2, 0x0f, 0x00, 0x00, 0x00,
  0x18, 0xff, 0xff, 0xff, 0xff, 0xde, 0x2f, 0x00, 0x00, 0x00, 0xa4, 0xff, 0xff, 0xff, 0xff, 0xf5,
  0x45, 0x00, 0x00, 0x00, 0x66, 0xed, 0xff, 0xff, 0xff, 0xf7, 0x1e, 0x00, 0x00, 0x00, 0x1b, 0xcd,
  0xff, 0xff, 0xff, 0x83, 0x00, 0x00, 0x00, 0x04, 0x8a, 0xff, 0xff, 0xff, 0xba, 0x02, 0x55, 0xa2,
  0xee, 0xff, 0xff, 0xff, 0xff, 0xaa, 0x7d, 0xff, 0xff, 0xff, 0xff, 0xff, 0xff, 0xe7, 0x25, 0x8f,
  0xff, 0xff, 0xff, 0xff, 0xff, 0xcd, 0x1b, 0x00, 0x39, 0xfa, 0xff, 0xff, 0xc9, 0x67, 0x02, 0x00,
  0x00, 0x00, 0x2b, 0x71, 0x22, 0x00, 0x00, 0x00, 0x00, 0x00, 0x00, 0x00, 0x00, 0x00, 0x00, 0x00,
  0x00, 0x00, 0x00, 0x00, 0x00, 0x00, 0x02, 0x67, 0xb9, 0xf7, 0xff, 0xff, 0xdf, 0xa8, 0x4e, 0x00,
  0x00, 0x00, 0x78, 0xff, 0xff, 0xff, 0xff, 0xff, 0xff, 0xff, 0xff, 0xb2, 0x10, 0x00, 0xc7, 0xff,
  0xff, 0xff, 0xff, 0xff, 0xff, 0xff, 0xff, 0xff, 0xa1, 0x00, 0xac, 0xff, 0xff, 0xff, 0xff, 0xff,
  0xff, 0xff, 0xff, 0xff, 0xf5, 0x02, 0x3e, 0xfd, 0xff, 0xf5, 0xb0, 0x80, 0x94, 0xeb, 0xff, 0xff,
  0xff, 0x1d, 0x00, 0x00, 0x00, 0x00, 0x00, 0x00, 0x00, 0x91, 0xff, 0xff, 0xff, 0x0f, 0x00, 0x00,
  0x00, 0x00, 0x51, 0x80, 0x9e, 0xf9, 0xff, 0xff, 0xb6, 0x00, 0x00, 0x00, 0x00, 0x75, 0xff, 0xff,
  0xff, 0xff, 0xff, 0xdc, 0x1a, 0x00, 0x00, 0x00, 0x00, 0xd2, 0xff, 0xff, 0xff, 0xc8, 0x72, 0x10,
  0x00, 0x00, 0x00, 0x00, 0x00, 0xea, 0xff, 0xff, 0xff, 0x46, 0x00, 0x00, 0x00, 0x00, 0x00, 0x00,
  0x00, 0xad, 0xff, 0xff, 0xee, 0x25, 0x00, 0x00, 0x00, 0x00, 0x00, 0x00, 0x00, 0x02, 0x3d, 0x3d,
  0x02, 0x00, 0x00, 0x00, 0x00, 0x00, 0x00, 0x00, 0x00, 0x67, 0xe6, 0xe1, 0x6e, 0x00, 0x00, 0x00,
  0x00, 0x00, 0x00, 0x00, 0x22, 0xff, 0xff, 0xff, 0xff, 0x39, 0x00, 0x00, 0x00, 0x00, 0x00, 0x00,
  0x3b, 0xff, 0xff, 0xff, 0xff, 0x2b, 0x00, 0x00, 0x00, 0x00, 0x00, 0x00, 0x02, 0xb8, 0xff, 0xfc,
  0x75, 0x00, 0x00, 0x00, 0x00, 0x00, 0x00, 0x00, 0x00, 0x00, 0x00, 0x00, 0x00, 0x00, 0x00, 0x00,
  0x00, 0x00, 0x00, 0x00, 0x00, 0x00, 0x00, 0x00, 0x0f, 0x44, 0x7a, 0xb4, 0x98, 0x5e, 0x0b, 0x00,
  0x00, 0x00, 0x00, 0x00, 0x00, 0x00, 0x00, 0x43, 0xb0, 0xff, 0xff, 0xff, 0xff, 0xff, 0xff, 0xef,
  0x59, 0x00, 0x00, 0x00, 0x00, 0x00, 0x09, 0xad, 0xff, 0xff, 0xff, 0xff, 0xff, 0xff, 0xff, 0xff,
  0xff, 0xff, 0x67, 0x00, 0x00, 0x00, 0x00, 0xa3, 0xff, 0xff, 0xff, 0xff, 0xee, 0xc0, 0xc0, 0xf1,
  0xff, 0xff, 0xff, 0xfc, 0x36, 0x00, 0x00, 0x49, 0xff, 0xff, 0xff, 0xe6, 0x48, 0x02, 0x00, 0x00,
  0x04, 0x5e, 0xf7, 0xff, 0xff, 0xaf, 0x00, 0x03, 0xd7, 0xff, 0xff, 0xf0, 0x1e, 0x33, 0xc5, 0xff,
  0xff, 0xc3, 0x0b, 0x4e, 0xff, 0xff, 0xf1, 0x00, 0x3c, 0xff, 0xff, 0xff, 0x6d, 0x24, 0xf3, 0xff,
  0xff, 0xff, 0xff, 0x39, 0x00, 0xe7, 0xff, 0xff, 0x0f, 0x73, 0xff, 0xff, 0xf7, 0x09, 0x8d, 0xff,
  0xff, 0x7a, 0x81, 0xff, 0x21, 0x00, 0xe2, 0xff, 0xff, 0x0a, 0x85, 0xff, 0xff, 0xd2, 0x00, 0xb8,
  0xff, 0xff, 0x3f, 0xa9, 0xff, 0x30, 0x3d, 0xff, 0xff, 0xdc, 0x00, 0x7b, 0xff, 0xff, 0xcf, 0x00,
  0xaa, 0xff, 0xff, 0xff, 0xff, 0xff, 0xff, 0xff, 0xff, 0xff, 0x7f, 0x00, 0x56, 0xff, 0xff, 0xfe,
  0x1f, 0x3c, 0xf6, 0xff, 0xff, 0xff, 0xf7, 0xf7, 0xff, 0xff, 0xdb, 0x0b, 0x00, 0x18, 0xff, 0xff,
  0xff, 0xbe, 0x0b, 0x10, 0x68, 0x80, 0x80, 0x2a, 0x30, 0x7f, 0x76, 0x13, 0x00, 0x00, 0x00, 0xb1,
  0xff, 0xff, 0xff, 0xf1, 0xa2, 0x57, 0x40, 0x47, 0x7e, 0xa3, 0x66, 0x00, 0x00, 0x00, 0x00, 0x00,
  0x1e, 0xec, 0xff, 0xff, 0xff, 0xff, 0xff, 0xff, 0xff, 0xff, 0xff, 0xff, 0x11, 0x00, 0x00, 0x00,
  0x00, 0x00, 0x26, 0xd6, 0xff, 0xff, 0xff, 0xff, 0xff, 0xff, 0xff, 0xff, 0xfe, 0x0f, 0x00, 0x00,
  0x00, 0x00, 0x00, 0x00, 0x08, 0x67, 0xbb, 0xfc, 0xff, 0xff, 0xff, 0xff, 0xc1, 0x4b, 0x00, 0x00,
  0x00, 0x00, 0x00, 0x00, 0x00, 0x00, 0x00, 0x00, 0x0f, 0x40, 0x40, 0x40, 0x1b, 0x00, 0x00, 0x00,
  0x00, 0x00, 0x00, 0x00, 0x00, 0x00, 0x00, 0x00, 0x00, 0x0a, 0x4c, 0x7e, 0x50, 0x00, 0x00, 0x00,
  0x00, 0x00, 0x00, 0x00, 0x00, 0x00, 0x00, 0x54, 0xf0, 0xff, 0xff, 0xff, 0xa7, 0x05, 0x00, 0x00,
  0x00, 0x00, 0x00, 0x00, 0x00, 0x7e, 0xff, 0xff, 0xff, 0xff, 0xff, 0xff, 0x99, 0x00, 0x00, 0x00,
  0x00, 0x00, 0x00, 0x4e, 0xff, 0xff, 0xff, 0xff, 0xff, 0xff, 0xff, 0xfe, 0x2b, 0x00, 0x00, 0x00,
  0x00, 0x0a, 0xe7, 0xff, 0xff, 0xe8, 0x69, 0xf9, 0xff, 0xff, 0xff, 0xa5, 0x00, 0x00, 0x00, 0x00,
  0x74, 0xff, 0xff, 0xff, 0x5c, 0x00, 0x9a, 0xff, 0xff, 0xff, 0xfb, 0x16, 0x00, 0x00, 0x00, 0xdd,
  0xff, 0xff, 0xf9, 0x09, 0x00, 0x46, 0xff, 0xff, 0xff, 0xff, 0x6c, 0x00, 0x00, 0x38, 0xff, 0xff,
  0xff, 0xc7, 0x00, 0x00, 0x18, 0xff, 0xff, 0xff, 0xff, 0xb2, 0x00, 0x00, 0x8d, 0xff, 0xff, 0xff,
  0xbc, 0x00, 0x00, 0x1d, 0xff, 0xff, 0xff, 0xff, 0xed, 0x00, 0x03, 0xe7, 0xff, 0xff, 0xff, 0xf2,
  0x1c, 0x00, 0x7b, 0xff, 0xff, 0xff, 0xff, 0xff, 0x26, 0x34, 0xff, 0xff, 0xff, 0xff, 0xff, 0xff,
  0xff, 0xff, 0xff, 0xff, 0xff, 0xff, 0xff, 0x52, 0x77, 0xff, 0xff, 0xff, 0xff, 0xff, 0xff, 0xff,
  0xff, 0xff, 0xff, 0xff, 0xff, 0xff, 0x79, 0xaf, 0xff, 0xff, 0xff, 0xff, 0x8d, 0x40, 0x40, 0x62,
  0xf9, 0xff, 0xff, 0xff, 0xff, 0x99, 0xc0, 0xff, 0xff, 0xff, 0xf0, 0x02, 0x00, 0x00, 0x00, 0xa0,
  0xff, 0xff, 0xff, 0xff, 0xa1, 0xa0, 0xff, 0xff, 0xff, 0xae, 0x00, 0x00, 0x00, 0x00, 0x23, 0xf5,
  0xff, 0xff, 0xff, 0x6d, 0x17, 0xb0, 0xc0, 0xa4, 0x18, 0x00, 0x00, 0x00, 0x00, 0x00, 0x25, 0x7c,
  0x80, 0x51, 0x01, 0x00, 0x05, 0x55, 0x87, 0xa1, 0xba, 0xc0, 0xc0, 0xb7, 0x86, 0x6d, 0x0f, 0x00,
  0x00, 0x00, 0x00, 0x18, 0xd0, 0xff, 0xff, 0xff, 0xff, 0xff, 0xff, 0xff, 0xff, 0xff, 0xee, 0x55,
  0x00, 0x00, 0x00, 0x90, 0xff, 0xff, 0xff, 0xff, 0xff, 0xff, 0xff, 0xff, 0xff, 0xff, 0xff, 0xfb,
  0x20, 0x00, 0x00, 0xc3, 0xff, 0xff, 0xff, 0xff, 0xff, 0xff, 0xff, 0xff, 0xff, 0xff, 0xff, 0xff,
  0x74, 0x00, 0x00, 0x90, 0xff, 0xff, 0xff, 0xff, 0x9d, 0x09, 0x19, 0x76, 0xff, 0xff, 0xff, 0xff,
  0x89, 0x00, 0x00, 0x17, 0xc8, 0xff, 0xff, 0xff, 0x76, 0x40, 0x73, 0xd1, 0xff, 0xff, 0xff, 0xff,
  0x5c, 0x00, 0x00, 0x00, 0x00, 0x9e, 0xff, 0xff, 0xff, 0xff, 0xff, 0xff, 0xff, 0xff, 0xff, 0xcd,
  0x08, 0x00, 0x00, 0x00, 0x00, 0x6f, 0xff, 0xff, 0xff, 0xff, 0xff, 0xff, 0xff, 0xff, 0xff, 0xe9,
  0x5a, 0x00, 0x00, 0x00, 0x00, 0x80, 0xff, 0xff, 0xff, 0xdb, 0xc0, 0xcd, 0xff, 0xff, 0xff, 0xff,
  0xff, 0x5a, 0x00, 0x00, 0x00, 0x9f, 0xff, 0xff, 0xff, 0x0d, 0x00, 0x00, 0xc3, 0xff, 0xff, 0xff,
  0xff, 0xe6, 0x01, 0x00, 0x00, 0xc5, 0xff, 0xff, 0xff, 0xb6, 0x81, 0xb7, 0xff, 0xff, 0xff, 0xff,
  0xff, 0xff, 0x1f, 0x00, 0x00, 0xe6, 0xff, 0xff, 0xff, 0xff, 0xff, 0xff, 0xff, 0xff, 0xff, 0xff,
  0xff, 0xff, 0x11, 0x00, 0x00, 0xf6, 0xff, 0xff, 0xff, 0xff, 0xff, 0xff, 0xff, 0xff, 0xff, 0xff,
  0xff, 0xc0, 0x00, 0x00, 0x00, 0xe9, 0xff, 0xff, 0xff, 0xff, 0xff, 0xff, 0xff, 0xff, 0xff, 0xff,
  0xe2, 0x21, 0x00, 0x00, 0x00, 0x41, 0xee, 0xff, 0xff, 0xff, 0xff, 0xff, 0xff, 0xff, 0xd8, 0x80,
  0x15, 0x00, 0x00, 0x00, 0x00, 0x00, 0x0b, 0x57, 0x80, 0x80, 0x80, 0x69, 0x44, 0x2c, 0x00, 0x00,
  0x00, 0x00, 0x00, 0x00, 0x00, 0x00, 0x00, 0x05, 0x58, 0xb4, 0xe8, 0xeb, 0xb4, 0x59, 0x09, 0x00,
  0x00, 0x00, 0x00, 0x00, 0x00, 0x61, 0xeb, 0xff, 0xff, 0xff, 0xff, 0xff, 0xff, 0xf5, 0x7f, 0x00,
  0x00, 0x00, 0x00, 0x75, 0xff, 0xff, 0xff, 0xff, 0xff, 0xff, 0xff, 0xff, 0xff, 0xff, 0x50, 0x00,
  0x00, 0x33, 0xfe, 0xff, 0xff, 0xff, 0xb5, 0x46, 0xb1, 0xff, 0xff, 0xff, 0xff, 0xb8, 0x00, 0x00,
  0xca, 0xff, 0xff, 0xff, 0xd6, 0x07, 0x00, 0x2d, 0xff, 0xff, 0xff, 0xff, 0xd1, 0x00, 0x40, 0xff,
  0xff, 0xff, 0xff, 0x75, 0x00, 0x00, 0x05, 0xf4, 0xff, 0xff, 0xfe, 0x5d, 0x00, 0x8b, 0xff, 0xff,
  0xff, 0xff, 0x1e, 0x00, 0x00, 0x00, 0x3f, 0x80, 0x80, 0x38, 0x00, 0x00, 0xb3, 0xff, 0xff, 0xff,
  0xfa, 0x00, 0x00, 0x00, 0x00, 0x00, 0x00, 0x00, 0x00, 0x00, 0x00, 0xbe, 0xff, 0xff, 0xff, 0xff,
  0x10, 0x00, 0x00, 0x00, 0x32, 0xed, 0xff, 0xba, 0x1f, 0x00, 0xa5, 0xff, 0xff, 0xff, 0xff, 0x64,
  0x00, 0x00, 0x00, 0xb9, 0xff, 0xff, 0xff, 0xe0, 0x02, 0x6b, 0xff, 0xff, 0xff, 0xff, 0xed, 0x2f,
  0x00, 0x76, 0xff, 0xff, 0xff, 0xff, 0xff, 0x11, 0x14, 0xf9, 0xff, 0xff, 0xff, 0xff, 0xff, 0xff,
  0xff, 0xff, 0xff, 0xff, 0xff, 0xec, 0x00, 0x00, 0x8c, 0xff, 0xff, 0xff, 0xff, 0xff, 0xff, 0xff,
  0xff, 0xff, 0xff, 0xff, 0x8b, 0x00, 0x00, 0x02, 0x9f, 0xff, 0xff, 0xff, 0xff, 0xff, 0xff, 0xff,
  0xff, 0xff, 0xe2, 0x0f, 0x00, 0x00, 0x00, 0x00, 0x69, 0xf0, 0xff, 0xff, 0xff, 0xff, 0xff, 0xff,
  0xc1, 0x1d, 0x00, 0x00, 0x00, 0x00, 0x00, 0x00, 0x08, 0x4e, 0x87, 0xb9, 0xc0, 0x98, 0x3e, 0x00,
  0x00, 0x00, 0x00, 0x00, 0x00, 0x4b, 0x80, 0x98, 0xca, 0xe8, 0xfc, 0xe8, 0xce, 0x9c, 0x42, 0x00,
  0x00, 0x00, 0x00, 0x0c, 0xba, 0xff, 0xff, 0xff, 0xff, 0xff, 0xff, 0xff, 0xff, 0xff, 0xff, 0xa1,
  0x09, 0x00, 0x00, 0x88, 0xff, 0xff, 0xff, 0xff, 0xff, 0xff, 0xff, 0xff, 0xff, 0xff, 0xff, 0xff,
  0xc5, 0x0c, 0x00, 0xc3, 0xff, 0xff, 0xff, 0xff, 0xff, 0xff, 0xff, 0xff, 0xff, 0xff, 0xff, 0xff,
  0xff, 0x92, 0x00, 0x8f, 0xff, 0xff, 0xff, 0xff, 0xff, 0xb5, 0x4e, 0x70, 0xe9, 0xff, 0xff, 0xff,
  0xff, 0xfe, 0x1e, 0x1e, 0xe9, 0xf4, 0xff, 0xff, 0xff, 0x4e, 0x00, 0x00, 0x4e, 0xff, 0xff, 0xff,
  0xff, 0xff, 0x72, 0x00, 0x00, 0x73, 0xff, 0xff, 0xff, 0x4e, 0x00, 0x00, 0x0a, 0xff, 0xff, 0xff,
  0xff, 0xff, 0x9e, 0x00, 0x00, 0x66, 0xff, 0xff, 0xff, 0x69, 0x00, 0x00, 0x09, 0xff, 0xff, 0xff,
  0xff, 0xff, 0xa7, 0x00, 0x00, 0x4f, 0xff, 0xff, 0xff, 0x93, 0x00, 0x00, 0x66, 0xff, 0xff, 0xff,
  0xff, 0xff, 0x90, 0x00, 0x00, 0x35, 0xff, 0xff, 0xff, 0xc6, 0x02, 0x71, 0xff, 0xff, 0xff, 0xff,
  0xff, 0xff, 0x5a, 0x00, 0x00, 0x1c, 0xff, 0xff, 0xff, 0xff, 0xff, 0xff, 0xff, 0xff, 0xff, 0xff,
  0xff, 0xf5, 0x0a, 0x00, 0x00, 0x03, 0xfd, 0xff, 0xff, 0xff, 0xff, 0xff, 0xff, 0xff, 0xff, 0xff,
  0xff, 0x83, 0x00, 0x00, 0x00, 0x00, 0xda, 0xff, 0xff, 0xff, 0xff, 0xff, 0xff, 0xff, 0xff, 0xff,
  0xc7, 0x04, 0x00, 0x00, 0x00, 0x00, 0xb0, 0xff, 0xff, 0xff, 0xff, 0xff, 0xff, 0xff, 0xff, 0xce,
  0x0f, 0x00, 0x00, 0x00, 0x00, 0x00, 0x66, 0xff, 0xff, 0xff, 0xff, 0xff, 0xff, 0xf9, 0x87, 0x05,
  0x00, 0x00, 0x00, 0x00, 0x00, 0x00, 0x00, 0x67, 0xbf, 0xc0, 0xb2, 0x85, 0x65, 0x0f, 0x00, 0x00,
  0x00, 0x00, 0x00, 0x00, 0x00, 0x1d, 0xac, 0xcc, 0xff, 0xff, 0xff, 0xff, 0xff, 0xe1, 0x65, 0x00,
  0x00, 0xac, 0xff, 0xff, 0xff, 0xff, 0xff, 0xff, 0xff, 0xff, 0xd7, 0x00, 0x11, 0xfa, 0xff, 0xff,
  0xff, 0xff, 0xff, 0xff, 0xff, 0xff, 0xc1, 0x00, 0x56, 0xff, 0xff, 0xff, 0xff, 0xff, 0xff, 0xff,
  0xff, 0xfd, 0x4a, 0x00, 0x93, 0xff, 0xff, 0xff, 0xf3, 0x12, 0x00, 0x00, 0x00, 0x00, 0x00, 0x00,
  0xc9, 0xff, 0xff, 0xff, 0xd4, 0x4c, 0x7e, 0x80, 0x60, 0x00, 0x00, 0x03, 0xf7, 0xff, 0xff, 0xff,
  0xff, 0xff, 0xff, 0xff, 0xff, 0x47, 0x00, 0x27, 0xff, 0xff, 0xff, 0xff, 0xff, 0xff, 0xff, 0xff,
  0xff, 0x3e, 0x00, 0x4f, 0xff, 0xff, 0xff, 0xff, 0xff, 0xff, 0xff, 0xee, 0x92, 0x00, 0x00, 0x70,
  0xff, 0xff, 0xff, 0xe8, 0x02, 0x00, 0x00, 0x00, 0x00, 0x00, 0x00, 0x8a, 0xff, 0xff, 0xff, 0xcf,
  0x00, 0x07, 0x40, 0x75, 0x80, 0x80, 0x09, 0x9a, 0xff, 0xff, 0xff, 0xff, 0xc4, 0xfc, 0xff, 0xff,
  0xff, 0xff, 0x77, 0xa0, 0xff, 0xff, 0xff, 0xff, 0xff, 0xff, 0xff, 0xff, 0xff, 0xff, 0x92, 0x75,
  0xff, 0xff, 0xff, 0xff, 0xff, 0xff, 0xff, 0xff, 0xff, 0xff, 0x65, 0x16, 0xd7, 0xff, 0xff, 0xff,
  0xff, 0xff, 0xff, 0xff, 0xff, 0xbf, 0x0d, 0x00, 0x06, 0x3f, 0x4e, 0x79, 0x80, 0x80, 0x65, 0x32,
  0x03, 0x00, 0x00, 0x00, 0x00, 0x65, 0x92, 0xbf, 0xc0, 0xc0, 0xc0, 0xbf, 0x92, 0x3e, 0x00, 0x00,
  0x84, 0xff, 0xff, 0xff, 0xff, 0xff, 0xff, 0xff, 0xff, 0xff, 0x6d, 0x15, 0xfa, 0xff, 0xff, 0xff,
  0xff, 0xff, 0xff, 0xff, 0xff, 0xff, 0xa2, 0x63, 0xff, 0xff, 0xff, 0xff, 0xff, 0xff, 0xff, 0xff,
  0xff, 0xff, 0x61, 0x81, 0xff, 0xff, 0xff, 0xff, 0xa5, 0x80, 0x85, 0xb8, 0xc0, 0xb7, 0x08, 0x86,
  0xff, 0xff, 0xff, 0xf7, 0x00, 0x00, 0x00, 0x00, 0x00, 0x00, 0x00, 0x80, 0xff, 0xff, 0xff, 0xff,
  0x8e, 0x80, 0x80, 0x80, 0x6b, 0x00, 0x00, 0x76, 0xff, 0xff, 0xff, 0xff, 0xff, 0xff, 0xff, 0xff,
  0xff, 0x30, 0x00, 0x61, 0xff, 0xff, 0xff, 0xff, 0xff, 0xff, 0xff, 0xff, 0xff, 0x44, 0x00, 0x45,
  0xff, 0xff, 0xff, 0xff, 0xff, 0xff, 0xff, 0xff, 0xd5, 0x0a, 0x00, 0x24, 0xff, 0xff, 0xff, 0xff,
  0xb5, 0x00, 0x00, 0x00, 0x00, 0x00, 0x00, 0x04, 0xfa, 0xff, 0xff, 0xff, 0xc7, 0x00, 0x00, 0x00,
  0x00, 0x00, 0x00, 0x00, 0xc9, 0xff, 0xff, 0xff, 0xfd, 0x1a, 0x00, 0x00, 0x00, 0x00, 0x00, 0x00,
  0x93, 0xff, 0xff, 0xff, 0xff, 0x60, 0x00, 0x00, 0x00, 0x00, 0x00, 0x00, 0x56, 0xff, 0xff, 0xff,
  0xff, 0x72, 0x00, 0x00, 0x00, 0x00, 0x00, 0x00, 0x03, 0x85, 0xc0, 0xbf, 0x72, 0x06, 0x00, 0x00,
  0x00, 0x00, 0x00, 0x00, 0x00, 0x00, 0x00, 0x05, 0x58, 0xb4, 0xe8, 0xeb, 0xb4, 0x59, 0x09, 0x00,
  0x00, 0x00, 0x00, 0x00, 0x00, 0x61, 0xeb, 0xff, 0xff, 0xff, 0xff, 0xff, 0xff, 0xf5, 0x7f, 0x00,
  0x00, 0x00, 0x00, 0x75, 0xff, 0xff, 0xff, 0xff, 0xff, 0xff, 0xff, 0xff, 0xff, 0xff, 0x50, 0x00,
  0x00, 0x33, 0xfe, 0xff, 0xff, 0xff, 0xb5, 0x46, 0xb1, 0xff, 0xff, 0xff, 0xff, 0xb8, 0x00, 0x00,
  0xca, 0xff, 0xff, 0xff, 0xd6, 0x07, 0x00, 0x2d, 0xff, 0xff, 0xff, 0xff, 0xd1, 0x00, 0x40, 0xff,
  0xff, 0xff, 0xff, 0x75, 0x00, 0x00, 0x05, 0xf4, 0xff, 0xff, 0xfe, 0x5d, 0x00, 0x8b, 0xff, 0xff,
  0xff, 0xff, 0x1e, 0x00, 0x00, 0x00, 0x3f, 0x80, 0x80, 0x38, 0x00, 0x00, 0xb2, 0xff, 0xff, 0xff,
  0xf9, 0x00, 0x0f, 0x7b, 0x80, 0x6f, 0x42, 0x40, 0x3f, 0x0b, 0x00, 0xbe, 0xff, 0xff, 0xff, 0xff,
  0x10, 0x61, 0xff, 0xff, 0xff, 0xff, 0xff, 0xff, 0xe5, 0x03, 0xa5, 0xff, 0xff, 0xff, 0xff, 0x64,
  0x1f, 0xc0, 0xca, 0xff, 0xff, 0xff, 0xff, 0xff, 0x1d, 0x6a, 0xff, 0xff, 0xff, 0xff, 0xed, 0x2f,
  0x00, 0x63, 0xff, 0xff, 0xff, 0xff, 0xff, 0x12, 0x14, 0xf9, 0xff, 0xff, 0xff, 0xff, 0xff, 0xff,
  0xff, 0xff, 0xff, 0xff, 0xff, 0xe7, 0x00, 0x00, 0x8c, 0xff, 0xff, 0xff, 0xff, 0xff, 0xff, 0xff,
  0xff, 0xff, 0xff, 0xff, 0x81, 0x00, 0x00, 0x02, 0x9f, 0xff, 0xff, 0xff, 0xff, 0xff, 0xff, 0xff,
  0xff, 0xff, 0xd9, 0x08, 0x00, 0x00, 0x00, 0x00, 0x69, 0xf0, 0xff, 0xff, 0xff, 0xff, 0xff, 0xff,
  0xb8, 0x16, 0x00, 0x00, 0x00, 0x00, 0x00, 0x00, 0x08, 0x51, 0x87, 0xb9, 0xc0, 0x96, 0x37, 0x00,
  0x00, 0x00, 0x00, 0x00, 0x00, 0x00, 0x23, 0x02, 0x00, 0x00, 0x00, 0x00, 0x00, 0x00, 0x00, 0x00,
  0x00, 0x00, 0x00, 0x00, 0x0a, 0xc6, 0xff, 0xef, 0xa2, 0x1b, 0x00, 0x00, 0x00, 0x0a, 0x86, 0xc0,
  0xb2, 0x30, 0x00, 0x00, 0x49, 0xff, 0xff, 0xff, 0xff, 0x71, 0x00, 0x00, 0x00, 0x6b, 0xff, 0xff,
  0xff, 0xca, 0x00, 0x00, 0x6e, 0xff, 0xff, 0xff, 0xff, 0x86, 0x00, 0x00, 0x00, 0x9c, 0xff, 0xff,
  0xff, 0xfb, 0x00, 0x00, 0x83, 0xff, 0xff, 0xff, 0xff, 0x7a, 0x00, 0x00, 0x00, 0xb0, 0xff, 0xff,
  0xff, 0xff, 0x0c, 0x00, 0x94, 0xff, 0xff, 0xff, 0xff, 0x5f, 0x00, 0x00, 0x00, 0xb6, 0xff, 0xff,
  0xff, 0xff, 0x12, 0x00, 0xa8, 0xff, 0xff, 0xff, 0xff, 0x40, 0x00, 0x00, 0x00, 0xb5, 0xff, 0xff,
  0xff, 0xff, 0x17, 0x00, 0xc8, 0xff, 0xff, 0xff, 0xff, 0x5a, 0x01, 0x12, 0x4b, 0xdc, 0xff, 0xff,
  0xff, 0xff, 0x1d, 0x00, 0xeb, 0xff, 0xff, 0xff, 0xff, 0xff, 0xff, 0xff, 0xff, 0xff, 0xff, 0xff,
  0xff, 0xff, 0x27, 0x0c, 0xff, 0xff, 0xff, 0xff, 0xff, 0xff, 0xff, 0xff, 0xff, 0xff, 0xff, 0xff,
  0xff, 0xff, 0x34, 0x33, 0xff, 0xff, 0xff, 0xff, 0xff, 0x8a, 0x40, 0x40, 0x40, 0xa1, 0xff, 0xff,
  0xff, 0xff, 0x3f, 0x59, 0xff, 0xff, 0xff, 0xff, 0xff, 0x21, 0x00, 0x00, 0x00, 0x90, 0xff, 0xff,
  0xff, 0xff, 0x4d, 0x79, 0xff, 0xff, 0xff, 0xff, 0xff, 0x29, 0x00, 0x00, 0x00, 0x9d, 0xff, 0xff,
  0xff, 0xff, 0x5e, 0x93, 0xff, 0xff, 0xff, 0xff, 0xff, 0x2b, 0x00, 0x00, 0x00, 0xa4, 0xff, 0xff,
  0xff, 0xff, 0x6d, 0xa4, 0xff, 0xff, 0xff, 0xff, 0xff, 0x17, 0x00, 0x00, 0x00, 0x97, 0xff, 0xff,
  0xff, 0xff, 0x69, 0x66, 0xff, 0xff, 0xff, 0xff, 0xc8, 0x00, 0x00, 0x00, 0x00, 0x54, 0xff, 0xff,
  0xff, 0xf4, 0x2e, 0x00, 0x4f, 0x80, 0x80, 0x53, 0x16, 0x00, 0x00, 0x00, 0x00, 0x00, 0x43, 0x80,
  0x55, 0x1d, 0x00, 0x14, 0x5b, 0xb0, 0x98, 0x80, 0x80, 0x80, 0x80, 0x79, 0x08, 0xcc, 0xff, 0xff,
  0xff, 0xff, 0xff, 0xff, 0xff, 0xff, 0x73, 0xdf, 0xff, 0xff, 0xff, 0xff, 0xff, 0xff, 0xff, 0xff,
  0x61, 0x43, 0x80, 0xc0, 0xff, 0xff, 0xff, 0xff, 0x64, 0x40, 0x06, 0x00, 0x00, 0xa1, 0xff, 0xff,
  0xff, 0xff, 0x07, 0x00, 0x00, 0x00, 0x00, 0xb9, 0xff, 0xff, 0xff, 0xfa, 0x00, 0x00, 0x00, 0x00,
  0x00, 0xc1, 0xff, 0xff, 0xff, 0xf9, 0x00, 0x00, 0x00, 0x00, 0x00, 0xc8, 0xff, 0xff, 0xff, 0xfc,
  0x00, 0x00, 0x00, 0x00, 0x00, 0xc9, 0xff, 0xff, 0xff, 0xff, 0x09, 0x00, 0x00, 0x00, 0x00, 0xc8,
  0xff, 0xff, 0xff, 0xff, 0x1a, 0x00, 0x00, 0x00, 0x00, 0xc1, 0xff, 0xff, 0xff, 0xff, 0x39, 0x00,
  0x00, 0x00, 0x00, 0xb5, 0xff, 0xff, 0xff, 0xff, 0x54, 0x00, 0x00, 0x00, 0x00, 0xa2, 0xff, 0xff,
  0xff, 0xff, 0x9a, 0x2b, 0x00, 0x13, 0xbd, 0xe9, 0xff, 0xff, 0xff, 0xff, 0xff, 0xff, 0x76, 0x39,
  0xff, 0xff, 0xff, 0xff, 0xff, 0xff, 0xff, 0xff, 0x92, 0x01, 0x50, 0x80, 0x80, 0x80, 0x80, 0x80,
  0x5f, 0x39, 0x01, 0x00, 0x00, 0x00, 0x00, 0x00, 0x00, 0x00, 0x00, 0x00, 0x00, 0x00, 0x00, 0x00,
  0x00, 0x00, 0x00, 0x00, 0x00, 0x21, 0xc6, 0xff, 0xff, 0xc1, 0x0d, 0x00, 0x00, 0x00, 0x00, 0x00,
  0x00, 0x8a, 0xff, 0xff, 0xff, 0xff, 0x5a, 0x00, 0x00, 0x00, 0x00, 0x00, 0x00, 0xa6, 0xff, 0xff,
  0xff, 0xff, 0x86, 0x00, 0x00, 0x00, 0x00, 0x00, 0x00, 0x9d, 0xff, 0xff, 0xff, 0xff, 0x99, 0x00,
  0x00, 0x00, 0x00, 0x00, 0x00, 0x7e, 0xff, 0xff, 0xff, 0xff, 0xa4, 0x00, 0x00, 0x00, 0x00, 0x00,
  0x00, 0x53, 0xff, 0xff, 0xff, 0xff, 0xab, 0x00, 0x00, 0x00, 0x00, 0x00, 0x00, 0x2c, 0xff, 0xff,
  0xff, 0xff, 0xb7, 0x00, 0x00, 0x00, 0x00, 0x00, 0x00, 0x15, 0xff, 0xff, 0xff, 0xff, 0xc8, 0x00,
  0x15, 0x40, 0x3b, 0x01, 0x00, 0x1a, 0xff, 0xff, 0xff, 0xff, 0xc8, 0x68, 0xfe, 0xff, 0xff, 0x65,
  0x00, 0x2e, 0xff, 0xff, 0xff, 0xff, 0xbd, 0xcc, 0xff, 0xff, 0xff, 0xc5, 0x03, 0x75, 0xff, 0xff,
  0xff, 0xff, 0xa9, 0xc1, 0xff, 0xff, 0xff, 0xff, 0xff, 0xff, 0xff, 0xff, 0xff, 0xff, 0x85, 0x8f,
  0xff, 0xff, 0xff, 0xff, 0xff, 0xff, 0xff, 0xff, 0xff, 0xff, 0x3d, 0x29, 0xf8, 0xff, 0xff, 0xff,
  0xff, 0xff, 0xff, 0xff, 0xff, 0xb7, 0x00, 0x00, 0x49, 0xf6, 0xff, 0xff, 0xff, 0xff, 0xff, 0xff,
  0xb3, 0x0a, 0x00, 0x00, 0x00, 0x29, 0xa4, 0xf2, 0xff, 0xff, 0xbf, 0x5e, 0x01, 0x00, 0x00, 0x00,
  0x00, 0x00, 0x00, 0x00, 0x00, 0x00, 0x00, 0x00, 0x00, 0x00, 0x00, 0x13, 0x8b, 0xe2, 0xed, 0x98,
  0x01, 0x00, 0x00, 0x00, 0x00, 0x00, 0x2b, 0x3a, 0x00, 0x00, 0x00, 0x6c, 0xff, 0xff, 0xff, 0xff,
  0x67, 0x00, 0x00, 0x00, 0x04, 0xa4, 0xff, 0xff, 0xb0, 0x07, 0x00, 0x86, 0xff, 0xff, 0xff, 0xff,
  0xb7, 0x00, 0x00, 0x00, 0xad, 0xff, 0xff, 0xff, 0xff, 0x7c, 0x00, 0x62, 0xff, 0xff, 0xff, 0xff,
  0xda, 0x00, 0x00, 0x85, 0xff, 0xff, 0xff, 0xff, 0xff, 0x54, 0x00, 0x17, 0xff, 0xff, 0xff, 0xff,
  0xfa, 0x00, 0x5a, 0xff, 0xff, 0xff, 0xff, 0xff, 0x91, 0x00, 0x00, 0x00, 0xda, 0xff, 0xff, 0xff,
  0xff, 0x49, 0xf7, 0xff, 0xff, 0xff, 0xf2, 0x61, 0x00, 0x00, 0x00, 0x00, 0xb3, 0xff, 0xff, 0xff,
  0xff, 0xf7, 0xff, 0xff, 0xff, 0xc8, 0x1e, 0x00, 0x00, 0x00, 0x00, 0x00, 0xa9, 0xff, 0xff, 0xff,
  0xff, 0xff, 0xff, 0xff, 0xff, 0x8a, 0x00, 0x00, 0x00, 0x00, 0x00, 0x00, 0xb5, 0xff, 0xff, 0xff,
  0xff, 0xff, 0xff, 0xff, 0xff, 0xff, 0x6f, 0x00, 0x00, 0x00, 0x00, 0x00, 0xd3, 0xff, 0xff, 0xff,
  0xff, 0x91, 0xc9, 0xff, 0xff, 0xff, 0xff, 0x78, 0x00, 0x00, 0x00, 0x04, 0xf9, 0xff, 0xff, 0xff,
  0xff, 0x20, 0x28, 0xf9, 0xff, 0xff, 0xff, 0xff, 0x95, 0x0a, 0x00, 0x2a, 0xff, 0xff, 0xff, 0xff,
  0xff, 0x0f, 0x00, 0x83, 0xff, 0xff, 0xff, 0xff, 0xff, 0xd4, 0x16, 0x5a, 0xff, 0xff, 0xff, 0xff,
  0xf4, 0x00, 0x00, 0x09, 0xe1, 0xff, 0xff, 0xff, 0xff, 0xff, 0x6c, 0x61, 0xff, 0xff, 0xff, 0xff,
  0xc1, 0x00, 0x00, 0x00, 0x3e, 0xfb, 0xff, 0xff, 0xff, 0xf6, 0x28, 0x17, 0xe7, 0xff, 0xff, 0xfc,
  0x54, 0x00, 0x00, 0x00, 0x00, 0x5e, 0xf9, 0xff, 0xfd, 0x5d, 0x00, 0x00, 0x04, 0x3e, 0x40, 0x1d,
  0x00, 0x00, 0x00, 0x00, 0x00, 0x00, 0x1f, 0x40, 0x28, 0x00, 0x00, 0x00, 0x00, 0x00, 0x00, 0x00,
  0x00, 0x00, 0x00, 0x00, 0x00, 0x00, 0x00, 0x00, 0x66, 0xc2, 0xf6, 0xe3, 0xa7, 0x27, 0x00, 0x00,
  0x00, 0x00, 0x00, 0x52, 0xff, 0xff, 0xff, 0xff, 0xff, 0xbe, 0x00, 0x00, 0x00, 0x00, 0x00, 0x78,
  0xff, 0xff, 0xff, 0xff, 0xff, 0xc8, 0x00, 0x00, 0x00, 0x00, 0x00, 0x58, 0xff, 0xff, 0xff, 0xff,
  0xff, 0x9d, 0x00, 0x00, 0x00, 0x00, 0x00, 0x2f, 0xff, 0xff, 0xff, 0xff, 0xff, 0x63, 0x00, 0x00,
  0x00, 0x00, 0x00, 0x0b, 0xff, 0xff, 0xff, 0xff, 0xff, 0x1b, 0x00, 0x00, 0x00, 0x00, 0x00, 0x00,
  0xdc, 0xff, 0xff, 0xff, 0xe1, 0x00, 0x00, 0x00, 0x00, 0x00, 0x00, 0x00, 0xbf, 0xff, 0xff, 0xff,
  0xab, 0x00, 0x00, 0x00, 0x00, 0x00, 0x00, 0x00, 0xcd, 0xff, 0xff, 0xff, 0x6f, 0x00, 0x00, 0x00,
  0x00, 0x00, 0x00, 0x00, 0xed, 0xff, 0xff, 0xff, 0x3d, 0x00, 0x00, 0x00, 0x00, 0x00, 0x00, 0x0d,
  0xff, 0xff, 0xff, 0xff, 0x13, 0x00, 0x00, 0x0b, 0x33, 0x06, 0x00, 0x30, 0xff, 0xff, 0xff, 0xff,
  0x49, 0x59, 0xbd, 0xfe, 0xff, 0xf0, 0x49, 0x46, 0xff, 0xff, 0xff, 0xff, 0xff, 0xff, 0xff, 0xff,
  0xff, 0xff, 0xd5, 0x50, 0xff, 0xff, 0xff, 0xff, 0xff, 0xff, 0xff, 0xff, 0xff, 0xff, 0xde, 0x2a,
  0xff, 0xff, 0xff, 0xff, 0xff, 0xff, 0xff, 0xff, 0xff, 0xff, 0x6e, 0x00, 0x51, 0xaf, 0xc0, 0xc0,
  0x95, 0x58, 0x1a, 0x00, 0x30, 0x14, 0x00, 0x00, 0x00, 0x00, 0x50, 0xd1, 0xb0, 0x1e, 0x00, 0x00,
  0x00, 0x00, 0x00, 0x00, 0x2c, 0xac, 0x6b, 0x00, 0x00, 0x00, 0x00, 0x00, 0x51, 0xff, 0xff, 0xff,
  0xe8, 0x27, 0x00, 0x00, 0x00, 0x00, 0x5b, 0xf2, 0xff, 0xff, 0x5a, 0x00, 0x00, 0x00, 0x00, 0xd8,
  0xff, 0xff, 0xff, 0xff, 0xda, 0x12, 0x00, 0x0a, 0x94, 0xff, 0xff, 0xff, 0xff, 0xc7, 0x00, 0x00,
  0x00, 0x3a, 0xff, 0xff, 0xff, 0xff, 0xff, 0xff, 0xeb, 0xc1, 0xf6, 0xff, 0xff, 0xff, 0xff, 0xff,
  0xfd, 0x13, 0x00, 0x00, 0x8a, 0xff, 0xff, 0xff, 0xff, 0xff, 0xff, 0xff, 0xff, 0xff, 0xff, 0xff,
  0xff, 0xff, 0xff, 0xff, 0x4a, 0x00, 0x00, 0xc7, 0xff, 0xff, 0xff, 0xff, 0xfb, 0xff, 0xff, 0xff,
  0xff, 0xff, 0xf9, 0xff, 0xff, 0xff, 0xff, 0x73, 0x00, 0x03, 0xf7, 0xff, 0xff, 0xff, 0xff, 0x75,
  0xc8, 0xff, 0xff, 0xff, 0x66, 0xe7, 0xff, 0xff, 0xff, 0xff, 0x95, 0x00, 0x28, 0xff, 0xff, 0xff,
  0xff, 0xff, 0x5d, 0x09, 0xb9, 0xef, 0x61, 0x00, 0xf3, 0xff, 0xff, 0xff, 0xff, 0xaf, 0x00, 0x4f,
  0xff, 0xff, 0xff, 0xff, 0xff, 0x5d, 0x00, 0x00, 0x00, 0x00, 0x00, 0xfc, 0xff, 0xff, 0xff, 0xff,
  0xc7, 0x00, 0x6f, 0xff, 0xff, 0xff, 0xff, 0xff, 0x5c, 0x00, 0x00, 0x00, 0x00, 0x08, 0xff, 0xff,
  0xff, 0xff, 0xff, 0xda, 0x00, 0x88, 0xff, 0xff, 0xff, 0xff, 0xff, 0x5a, 0x00, 0x00, 0x00, 0x00,
  0x0c, 0xff, 0xff, 0xff, 0xff, 0xff, 0xf1, 0x00, 0x9e, 0xff, 0xff, 0xff, 0xff, 0xff, 0x54, 0x00,
  0x00, 0x00, 0x00, 0x0b, 0xff, 0xff, 0xff, 0xff, 0xff, 0xff, 0x0f, 0xa7, 0xff, 0xff, 0xff, 0xff,
  0xff, 0x46, 0x00, 0x00, 0x00, 0x00, 0x02, 0xfd, 0xff, 0xff, 0xff, 0xff, 0xff, 0x2d, 0x9d, 0xff,
  0xff, 0xff, 0xff, 0xff, 0x2d, 0x00, 0x00, 0x00, 0x00, 0x00, 0xde, 0xff, 0xff, 0xff, 0xff, 0xff,
  0x3e, 0x64, 0xff, 0xff, 0xff, 0xff, 0xd6, 0x05, 0x00, 0x00, 0x00, 0x00, 0x00, 0xa4, 0xff, 0xff,
  0xff, 0xff, 0xf4, 0x21, 0x06, 0x61, 0xb7, 0x9e, 0x4c, 0x03, 0x00, 0x00, 0x00, 0x00, 0x00, 0x00,
  0x2e, 0xc7, 0xf6, 0xca, 0x99, 0x1d, 0x00, 0x00, 0x00, 0x15, 0x71, 0x73, 0x08, 0x00, 0x00, 0x00,
  0x00, 0x0c, 0x7a, 0xc1, 0xdb, 0x90, 0x28, 0x00, 0x00, 0x24, 0xe9, 0xff, 0xff, 0xa6, 0x00, 0x00,
  0x00, 0x00, 0x82, 0xff, 0xff, 0xff, 0xff, 0xf2, 0x0a, 0x00, 0x93, 0xff, 0xff, 0xff, 0xff, 0x57,
  0x00, 0x00, 0x00, 0xb3, 0xff, 0xff, 0xff, 0xff, 0xff, 0x31, 0x00, 0xc6, 0xff, 0xff, 0xff, 0xff,
  0xe6, 0x08, 0x00, 0x00, 0xb7, 0xff, 0xff, 0xff, 0xff, 0xff, 0x41, 0x00, 0xf3, 0xff, 0xff, 0xff,
  0xff, 0xff, 0x79, 0x00, 0x00, 0xac, 0xff, 0xff, 0xff, 0xff, 0xff, 0x44, 0x18, 0xff, 0xff, 0xff,
  0xff, 0xff, 0xff, 0xf2, 0x10, 0x00, 0x9c, 0xff, 0xff, 0xff, 0xff, 0xff, 0x44, 0x34, 0xff, 0xff,
  0xff, 0xff, 0xfc, 0xff, 0xff, 0x8d, 0x00, 0x84, 0xff, 0xff, 0xff, 0xff, 0xff, 0x3d, 0x4b, 0xff,
  0xff, 0xff, 0xff, 0xd9, 0xe4, 0xff, 0xfe, 0x35, 0x72, 0xff, 0xff, 0xff, 0xff, 0xff, 0x2e, 0x5e,
  0xff, 0xff, 0xff, 0xff, 0xec, 0x6c, 0xff, 0xff, 0xd8, 0x76, 0xff, 0xff, 0xff, 0xff, 0xff, 0x1d,
  0x6e, 0xff, 0xff, 0xff, 0xff, 0xff, 0x0b, 0xd8, 0xff, 0xff, 0xf8, 0xff, 0xff, 0xff, 0xff, 0xfe,
  0x04, 0x79, 0xff, 0xff, 0xff, 0xff, 0xff, 0x20, 0x4b, 0xff, 0xff, 0xff, 0xff, 0xff, 0xff, 0xff,
  0xdf, 0x00, 0x7b, 0xff, 0xff, 0xff, 0xff, 0xff, 0x36, 0x00, 0xbf, 0xff, 0xff, 0xff, 0xff, 0xff,
  0xff, 0xad, 0x00, 0x6f, 0xff, 0xff, 0xff, 0xff, 0xff, 0x43, 0x00, 0x20, 0xf4, 0xff, 0xff, 0xff,
  0xff, 0xff, 0x6a, 0x00, 0x4f, 0xff, 0xff, 0xff, 0xff, 0xff, 0x46, 0x00, 0x00, 0x5a, 0xff, 0xff,
  0xff, 0xff, 0xf5, 0x13, 0x00, 0x06, 0xdb, 0xff, 0xff, 0xff, 0xd8, 0x12, 0x00, 0x00, 0x00, 0x5b,
  0xef, 0xff, 0xfe, 0x69, 0x00, 0x00, 0x00, 0x06, 0x5f, 0x7b, 0x4a, 0x03, 0x00, 0x00, 0x00, 0x00,
  0x00, 0x00, 0x00, 0x00, 0x00, 0x00, 0x00, 0x00, 0x00, 0x00, 0x00, 0x00, 0x35, 0x9e, 0xe2, 0xf5,
  0xb9, 0x69, 0x07, 0x00, 0x00, 0x00, 0x00, 0x00, 0x00, 0x11, 0xa0, 0xff, 0xff, 0xff, 0xff, 0xff,
  0xff, 0xe4, 0x3f, 0x00, 0x00, 0x00, 0x00, 0x2e, 0xe9, 0xff, 0xff, 0xff, 0xff, 0xff, 0xff, 0xff,
  0xff, 0xf5, 0x30, 0x00, 0x00, 0x14, 0xeb, 0xff, 0xff, 0xff, 0xd5, 0x63, 0x6e, 0xfc, 0xff, 0xff,
  0xff, 0xc8, 0x00, 0x00, 0x9d, 0xff, 0xff, 0xff, 0xdd, 0x0f, 0x00, 0x00, 0xab, 0xff, 0xff, 0xff,
  0xff, 0x29, 0x1e, 0xfe, 0xff, 0xff, 0xff, 0x61, 0x00, 0x00, 0x00, 0x80, 0xff, 0xff, 0xff, 0xff,
  0x62, 0x74, 0xff, 0xff, 0xff, 0xf8, 0x0c, 0x00, 0x00, 0x00, 0x7f, 0xff, 0xff, 0xff, 0xff, 0x7e,
  0xa6, 0xff, 0xff, 0xff, 0xcb, 0x00, 0x00, 0x00, 0x00, 0xa3, 0xff, 0xff, 0xff, 0xff, 0x85, 0xbc,
  0xff, 0xff, 0xff, 0xd6, 0x00, 0x00, 0x00, 0x09, 0xeb, 0xff, 0xff, 0xff, 0xff, 0x75, 0xb3, 0xff,
  0xff, 0xff, 0xff, 0x4c, 0x00, 0x00, 0x8d, 0xff, 0xff, 0xff, 0xff, 0xff, 0x48, 0x8d, 0xff, 0xff,
  0xff, 0xff, 0xfe, 0xc6, 0xca, 0xff, 0xff, 0xff, 0xff, 0xff, 0xf6, 0x0d, 0x41, 0xff, 0xff, 0xff,
  0xff, 0xff, 0xff, 0xff, 0xff, 0xff, 0xff, 0xff, 0xff, 0x96, 0x00, 0x00, 0xc8, 0xff, 0xff, 0xff,
  0xff, 0xff, 0xff, 0xff, 0xff, 0xff, 0xff, 0xf1, 0x17, 0x00, 0x00, 0x1e, 0xe4, 0xff, 0xff, 0xff,
  0xff, 0xff, 0xff, 0xff, 0xff, 0xfa, 0x40, 0x00, 0x00, 0x00, 0x00, 0x1e, 0xbc, 0xff, 0xff, 0xff,
  0xff, 0xff, 0xff, 0xcf, 0x36, 0x00, 0x00, 0x00, 0x00, 0x00, 0x00, 0x00, 0x16, 0x52, 0x80, 0x7e,
  0x52, 0x20, 0x00, 0x00, 0x00, 0x00, 0x00, 0x00, 0x00, 0x07, 0x68, 0xaf, 0xc0, 0xc0, 0xbb, 0x99,
  0x60, 0x0f, 0x00, 0x00, 0x00, 0x00, 0x09, 0xda, 0xff, 0xff, 0xff, 0xff, 0xff, 0xff, 0xff, 0xf4,
  0x72, 0x03, 0x00, 0x00, 0x73, 0xff, 0xff, 0xff, 0xff, 0x7c, 0x22, 0xde, 0xff, 0xff, 0xff, 0x91,
  0x00, 0x00, 0xc8, 0xff, 0xff, 0xff, 0xed, 0x00, 0x00, 0x69, 0xff, 0xff, 0xff, 0xff, 0x32, 0x0a,
  0xfc, 0xff, 0xff, 0xff, 0xc3, 0x00, 0x00, 0x84, 0xff, 0xff, 0xff, 0xff, 0x91, 0x33, 0xff, 0xff,
  0xff, 0xff, 0xeb, 0x19, 0x28, 0xed, 0xff, 0xff, 0xff, 0xff, 0xb1, 0x57, 0xff, 0xff, 0xff, 0xff,
  0xff, 0xff, 0xff, 0xff, 0xff, 0xff, 0xff, 0xff, 0xa1, 0x69, 0xff, 0xff, 0xff, 0xff, 0xff, 0xff,
  0xff, 0xff, 0xff, 0xff, 0xff, 0xff, 0x58, 0x74, 0xff, 0xff, 0xff, 0xff, 0xff, 0xff, 0xff, 0xff,
  0xff, 0xff, 0xff, 0xca, 0x03, 0x78, 0xff, 0xff, 0xff, 0xff, 0x96, 0xbc, 0xff, 0xff, 0xff, 0xf7,
  0x9f, 0x0e, 0x00, 0x79, 0xff, 0xff, 0xff, 0xff, 0x6f, 0x00, 0x1e, 0x40, 0x3f, 0x0c, 0x00, 0x00,
  0x00, 0x79, 0xff, 0xff, 0xff, 0xff, 0x9e, 0x00, 0x00, 0x00, 0x00, 0x00, 0x00, 0x00, 0x00, 0x65,
  0xff, 0xff, 0xff, 0xff, 0xd1, 0x00, 0x00, 0x00, 0x00, 0x00, 0x00, 0x00, 0x00, 0x3f, 0xff, 0xff,
  0xff, 0xff, 0xf3, 0x00, 0x00, 0x00, 0x00, 0x00, 0x00, 0x00, 0x00, 0x05, 0xdb, 0xff, 0xff, 0xff,
  0xe4, 0x00, 0x00, 0x00, 0x00, 0x00, 0x00, 0x00, 0x00, 0x00, 0x16, 0x7e, 0xb6, 0x8e, 0x18, 0x00,
  0x00, 0x00, 0x00, 0x00, 0x00, 0x00, 0x00, 0x00, 0x00, 0x00, 0x00, 0x21, 0x6f, 0x9b, 0xbc, 0xb4,
  0x78, 0x19, 0x00, 0x00, 0x00, 0x00, 0x00, 0x00, 0x00, 0x4c, 0xf5, 0xff, 0xff, 0xff, 0xff, 0xff,
  0xfc, 0xa0, 0x20, 0x00, 0x00, 0x00, 0x00, 0x50, 0xfc, 0xff, 0xff, 0xff, 0xff, 0xff, 0xff, 0xff,
  0xff, 0xf6, 0x37, 0x00, 0x00, 0x2e, 0xf9, 0xff, 0xff, 0xff, 0xff, 0xff, 0xff, 0xff, 0xff, 0xff,
  0xff, 0xe0, 0x06, 0x00, 0xb8, 0xff, 0xff, 0xff, 0xff, 0xff, 0x8d, 0x09, 0x01, 0x73, 0xff, 0xff,
  0xff, 0x5b, 0x1c, 0xff, 0xff, 0xff, 0xff, 0xff, 0xd4, 0x00, 0x00, 0x00, 0x01, 0xee, 0xff, 0xff,
  0xa3, 0x65, 0xff, 0xff, 0xff, 0xff, 0xff, 0x7a, 0x00, 0x00, 0x00, 0x00, 0xf0, 0xff, 0xff, 0xc2,
  0x97, 0xff, 0xff, 0xff, 0xff, 0xff, 0x32, 0x00, 0x00, 0x00, 0x29, 0xff, 0xff, 0xff, 0xc6, 0xb2,
  0xff, 0xff, 0xff, 0xff, 0xff, 0x14, 0x74, 0x98, 0x05, 0x91, 0xff, 0xff, 0xff, 0xac, 0xac, 0xff,
  0xff, 0xff, 0xff, 0xff, 0x30, 0xfe, 0xff, 0xa4, 0xff, 0xff, 0xff, 0xff, 0x6f, 0x8f, 0xff, 0xff,
  0xff, 0xff, 0xff, 0xa5, 0xed, 0xff, 0xff, 0xff, 0xff, 0xff, 0xf9, 0x15, 0x52, 0xff, 0xff, 0xff,
  0xff, 0xff, 0xff, 0xff, 0xff, 0xff, 0xff, 0xff, 0xff, 0x77, 0x00, 0x09, 0xeb, 0xff, 0xff, 0xff,
  0xff, 0xff, 0xff, 0xff, 0xff, 0xff, 0xff, 0xbe, 0x01, 0x00, 0x00, 0x4d, 0xfd, 0xff, 0xff, 0xff,
  0xff, 0xff, 0xff, 0xff, 0xff, 0xff, 0xd2, 0x29, 0x00, 0x00, 0x00, 0x4c, 0xe6, 0xff, 0xff, 0xff,
  0xff, 0xff, 0xff, 0xff, 0xff, 0xff, 0xa3, 0x00, 0x00, 0x00, 0x00, 0x07, 0x65, 0x80, 0xae, 0x7d,
  0x46, 0x44, 0xfc, 0xff, 0xe7, 0x32, 0x00, 0x00, 0x00, 0x00, 0x00, 0x00, 0x00, 0x00, 0x00, 0x00,
  0x00, 0x25, 0x3e, 0x06, 0x00, 0x00, 0x00, 0x00, 0x00, 0x17, 0x68, 0x96, 0xba, 0xc0, 0xaa, 0x7f,
  0x39, 0x00, 0x00, 0x00, 0x00, 0x00, 0x3a, 0xd5, 0xff, 0xff, 0xff, 0xff, 0xff, 0xff, 0xff, 0xff,
  0x76, 0x00, 0x00, 0x00, 0x00, 0xca, 0xff, 0xff, 0xff, 0xca, 0x1c, 0x83, 0xff, 0xff, 0xff, 0xff,
  0x71, 0x00, 0x00, 0x21, 0xff, 0xff, 0xff, 0xff, 0x61, 0x00, 0x00, 0xe3, 0xff, 0xff, 0xff, 0xfe,
  0x35, 0x00, 0x50, 0xff, 0xff, 0xff, 0xff, 0x54, 0x00, 0x03, 0xec, 0xff, 0xff, 0xff, 0xff, 0xad,
  0x00, 0x6d, 0xff, 0xff, 0xff, 0xff, 0x99, 0x00, 0x67, 0xff, 0xff, 0xff, 0xff, 0xff, 0xe3, 0x00,
  0x7a, 0xff, 0xff, 0xff, 0xff, 0xff, 0xff, 0xff, 0xff, 0xff, 0xff, 0xff, 0xff, 0xc5, 0x00, 0x79,
  0xff, 0xff, 0xff, 0xff, 0xff, 0xff, 0xff, 0xff, 0xff, 0xff, 0xff, 0xf8, 0x3e, 0x00, 0x6f, 0xff,
  0xff, 0xff, 0xff, 0xff, 0xff, 0xff, 0xff, 0xff, 0xff, 0x9f, 0x1f, 0x00, 0x00, 0x5e, 0xff, 0xff,
  0xff, 0xff, 0xff, 0xff, 0xff, 0xff, 0xff, 0xfe, 0x07, 0x00, 0x00, 0x00, 0x47, 0xff, 0xff, 0xff,
  0xff, 0xcf, 0xbc, 0xff, 0xff, 0xff, 0xff, 0x94, 0x01, 0x00, 0x00, 0x24, 0xff, 0xff, 0xff, 0xff,
  0xf2, 0x31, 0xff, 0xff, 0xff, 0xff, 0xff, 0xd1, 0x5e, 0x00, 0x05, 0xfc, 0xff, 0xff, 0xff, 0xff,
  0x48, 0x82, 0xff, 0xff, 0xff, 0xff, 0xff, 0xff, 0x76, 0x00, 0xcf, 0xff, 0xff, 0xff, 0xff, 0x85,
  0x01, 0xc4, 0xff, 0xff, 0xff, 0xff, 0xff, 0x7f, 0x00, 0x88, 0xff, 0xff, 0xff, 0xff, 0x9b, 0x00,
  0x0e, 0xaf, 0xff, 0xff, 0xff, 0xf2, 0x1b, 0x00, 0x14, 0xbe, 0xff, 0xf9, 0xad, 0x18, 0x00, 0x00,
  0x00, 0x0b, 0x40, 0x40, 0x23, 0x00, 0x00, 0x00, 0x00, 0x00, 0x00, 0x00, 0x00, 0x00, 0x00, 0x00,
  0x00, 0x00, 0x00, 0x00, 0x00, 0x00, 0x39, 0x98, 0xd2, 0xfe, 0xff, 0xfd, 0xc9, 0x5b, 0x00, 0x00,
  0x00, 0x16, 0xb8, 0xff, 0xff, 0xff, 0xff, 0xff, 0xff, 0xff, 0xff, 0xbb, 0x0a, 0x03, 0xd5, 0xff,
  0xff, 0xff, 0xff, 0xff, 0xff, 0xff, 0xff, 0xff, 0xff, 0x5f, 0x5d, 0xff, 0xff, 0xff, 0xff, 0xff,
  0xff, 0xff, 0xff, 0xff, 0xff, 0xff, 0x7a, 0xa0, 0xff, 0xff, 0xff, 0xff, 0xb3, 0x98, 0xea, 0xff,
  0xff, 0xff, 0xfc, 0x30, 0xa0, 0xff, 0xff, 0xff, 0xe5, 0x00, 0x00, 0x0a, 0x72, 0xe8, 0xe3, 0x55,
  0x00, 0x55, 0xff, 0xff, 0xff, 0xff, 0xa1, 0x22, 0x00, 0x00, 0x00, 0x00, 0x00, 0x00, 0x00, 0x94,
  0xff, 0xff, 0xff, 0xff, 0xff, 0xee, 0xb9, 0x79, 0x15, 0x00, 0x00, 0x00, 0x00, 0x68, 0xc3, 0xf2,
  0xff, 0xff, 0xff, 0xff, 0xff, 0xe6, 0x1d, 0x00, 0x00, 0x00, 0x00, 0x00, 0x01, 0x31, 0x7d, 0xee,
  0xff, 0xff, 0xff, 0xad, 0x00, 0x00, 0x28, 0x86, 0xbe, 0x93, 0x4c, 0x40, 0xc4, 0xff, 0xff, 0xff,
  0xf4, 0x00, 0x0f, 0xf6, 0xff, 0xff, 0xff, 0xff, 0xff, 0xff, 0xff, 0xff, 0xff, 0xed, 0x00, 0x45,
  0xff, 0xff, 0xff, 0xff, 0xff, 0xff, 0xff, 0xff, 0xff, 0xff, 0xb2, 0x00, 0x23, 0xff, 0xff, 0xff,
  0xff, 0xff, 0xff, 0xff, 0xff, 0xff, 0xfd, 0x39, 0x00, 0x00, 0x69, 0xdf, 0xff, 0xff, 0xff, 0xff,
  0xff, 0xff, 0xf7, 0x56, 0x00, 0x00, 0x00, 0x00, 0x00, 0x38, 0x80, 0x80, 0x80, 0x80, 0x5f, 0x13,
  0x00, 0x00, 0x00, 0x16, 0x77, 0x80, 0x80, 0x80, 0x80, 0x83, 0x9b, 0xb4, 0xb2, 0x96, 0x7f, 0x1b,
  0xac, 0xff, 0xff, 0xff, 0xff, 0xff, 0xff, 0xff, 0xff, 0xff, 0xff, 0xff, 0x6f, 0xc8, 0xff, 0xff,
  0xff, 0xff, 0xff, 0xff, 0xff, 0xff, 0xff, 0xff, 0xff, 0x4c, 0x68, 0xfc, 0xfd, 0xb4, 0xff, 0xff,
  0xff, 0xff, 0xc0, 0x80, 0x80, 0x60, 0x00, 0x00, 0x00, 0x00, 0x00, 0xf9, 0xff, 0xff, 0xff, 0x89,
  0x00, 0x00, 0x00, 0x00, 0x00, 0x00, 0x00, 0x00, 0xe8, 0xff, 0xff, 0xff, 0x9a, 0x00, 0x00, 0x00,
  0x00, 0x00, 0x00, 0x00, 0x00, 0xd7, 0xff, 0xff, 0xff, 0xa7, 0x00, 0x00, 0x00, 0x00, 0x00, 0x00,
  0x00, 0x00, 0xcc, 0xff, 0xff, 0xff, 0xb6, 0x00, 0x00, 0x00, 0x00, 0x00, 0x00, 0x00, 0x00, 0xd8,
  0xff, 0xff, 0xff, 0xbe, 0x00, 0x00, 0x00, 0x00, 0x00, 0x00, 0x00, 0x00, 0xe7, 0xff, 0xff, 0xff,
  0xc4, 0x00, 0x00, 0x00, 0x00, 0x00, 0x00, 0x00, 0x03, 0xfd, 0xff, 0xff, 0xff, 0xce, 0x00, 0x00,
  0x00, 0x00, 0x00, 0x00, 0x00, 0x18, 0xff, 0xff, 0xff, 0xff, 0xde, 0x00, 0x00, 0x00, 0x00, 0x00,
  0x00, 0x00, 0x31, 0xff, 0xff, 0xff, 0xff, 0xe6, 0x00, 0x00, 0x00, 0x00, 0x00, 0x00, 0x00, 0x42,
  0xff, 0xff, 0xff, 0xff, 0xd8, 0x00, 0x00, 0x00, 0x00, 0x00, 0x00, 0x00, 0x28, 0xfd, 0xff, 0xff,
  0xff, 0x6c, 0x00, 0x00, 0x00, 0x00, 0x00, 0x00, 0x00, 0x00, 0x30, 0x7a, 0x57, 0x35, 0x00, 0x00,
  0x00, 0x00, 0x00, 0x00, 0x00, 0x11, 0x7d, 0xb7, 0x73, 0x0d, 0x00, 0x00, 0x15, 0x75, 0x80, 0x35,
  0x00, 0x00, 0x00, 0x01, 0xd5, 0xff, 0xff, 0xff, 0xb2, 0x00, 0x1d, 0xe2, 0xff, 0xff, 0xf2, 0x1e,
  0x00, 0x00, 0x44, 0xff, 0xff, 0xff, 0xff, 0xde, 0x00, 0x9a, 0xff, 0xff, 0xff, 0xff, 0xa2, 0x00,
  0x00, 0x9d, 0xff, 0xff, 0xff, 0xff, 0xb9, 0x00, 0xbc, 0xff, 0xff, 0xff, 0xff, 0xf0, 0x00, 0x00,
  0xe5, 0xff, 0xff, 0xff, 0xff, 0x6f, 0x00, 0xa9, 0xff, 0xff, 0xff, 0xff, 0xff, 0x1f, 0x1c, 0xff,
  0xff, 0xff, 0xff, 0xff, 0x2a, 0x00, 0x7e, 0xff, 0xff, 0xff, 0xff, 0xff, 0x38, 0x4e, 0xff, 0xff,
  0xff, 0xff, 0xef, 0x02, 0x00, 0x4c, 0xff, 0xff, 0xff, 0xff, 0xff, 0x47, 0x76, 0xff, 0xff, 0xff,
  0xff, 0xb5, 0x00, 0x00, 0x16, 0xff, 0xff, 0xff, 0xff, 0xff, 0x4c, 0x8f, 0xff, 0xff, 0xff, 0xff,
  0x8a, 0x00, 0x00, 0x03, 0xff, 0xff, 0xff, 0xff, 0xff, 0x44, 0x9f, 0xff, 0xff, 0xff, 0xff, 0x6b,
  0x00, 0x00, 0x28, 0xff, 0xff, 0xff, 0xff, 0xff, 0x2f, 0x9a, 0xff, 0xff, 0xff, 0xff, 0xbe, 0x0b,
  0x56, 0xd8, 0xff, 0xff, 0xff, 0xff, 0xff, 0x0f, 0x7d, 0xff, 0xff, 0xff, 0xff, 0xff, 0xff, 0xff,
  0xff, 0xff, 0xff, 0xff, 0xff, 0xd2, 0x00, 0x3f, 0xff, 0xff, 0xff, 0xff, 0xff, 0xff, 0xff, 0xff,
  0xff, 0xff, 0xff, 0xff, 0x63, 0x00, 0x00, 0xa3, 0xff, 0xff, 0xff, 0xff, 0xff, 0xff, 0xff, 0xff,
  0xff, 0xff, 0xad, 0x01, 0x00, 0x00, 0x02, 0x5a, 0xc8, 0xff, 0xff, 0xff, 0xff, 0xff, 0xff, 0xfe,
  0x9c, 0x04, 0x00, 0x00, 0x00, 0x00, 0x00, 0x00, 0x11, 0x43, 0x64, 0x72, 0x41, 0x3c, 0x0d, 0x00,
  0x00, 0x00, 0x00, 0x00, 0x00, 0x00, 0x00, 0x00, 0x00, 0x00, 0x00, 0x00, 0x00, 0x00, 0x00, 0x35,
  0x3e, 0x06, 0x00, 0x00, 0x73, 0xea, 0xff, 0xc1, 0x16, 0x00, 0x00, 0x00, 0x00, 0x01, 0xc8, 0xff,
  0xff, 0xe9, 0x2e, 0x56, 0xff, 0xff, 0xff, 0xff, 0xad, 0x00, 0x00, 0x00, 0x00, 0x34, 0xff, 0xff,
  0xff, 0xff, 0xb4, 0xaf, 0xff, 0xff, 0xff, 0xff, 0xeb, 0x00, 0x00, 0x00, 0x00, 0x4a, 0xff, 0xff,
  0xff, 0xff, 0xc4, 0xc7, 0xff, 0xff, 0xff, 0xff, 0xfe, 0x02, 0x00, 0x00, 0x00, 0x58, 0xff, 0xff,
  0xff, 0xff, 0xa7, 0xc2, 0xff, 0xff, 0xff, 0xff, 0xff, 0x0b, 0x00, 0x00, 0x00, 0x6e, 0xff, 0xff,
  0xff, 0xff, 0x74, 0x9f, 0xff, 0xff, 0xff, 0xff, 0xff, 0x16, 0x00, 0x00, 0x00, 0x8d, 0xff, 0xff,
  0xff, 0xff, 0x31, 0x67, 0xff, 0xff, 0xff, 0xff, 0xff, 0x32, 0x00, 0x00, 0x00, 0xb0, 0xff, 0xff,
  0xff, 0xeb, 0x00, 0x1b, 0xff, 0xff, 0xff, 0xff, 0xff, 0x63, 0x00, 0x00, 0x00, 0xdf, 0xff, 0xff,
  0xff, 0xa4, 0x00, 0x00, 0xbf, 0xff, 0xff, 0xff, 0xff, 0xad, 0x00, 0x00, 0x27, 0xff, 0xff, 0xff,
  0xff, 0x4f, 0x00, 0x00, 0x56, 0xff, 0xff, 0xff, 0xff, 0xfb, 0x13, 0x00, 0x7c, 0xff, 0xff, 0xff,
  0xe5, 0x03, 0x00, 0x00, 0x03, 0xcc, 0xff, 0xff, 0xff, 0xff, 0xac, 0x3b, 0xef, 0xff, 0xff, 0xff,
  0x67, 0x00, 0x00, 0x00, 0x00, 0x2e, 0xfd, 0xff, 0xff, 0xff, 0xff, 0xff, 0xff, 0xff, 0xff, 0xd0,
  0x03, 0x00, 0x00, 0x00, 0x00, 0x00, 0x73, 0xff, 0xff, 0xff, 0xff, 0xff, 0xff, 0xff, 0xff, 0x41,
  0x00, 0x00, 0x00, 0x00, 0x00, 0x00, 0x00, 0x84, 0xff, 0xff, 0xff, 0xff, 0xff, 0xff, 0x99, 0x00,
  0x00, 0x00, 0x00, 0x00, 0x00, 0x00, 0x00, 0x00, 0x63, 0xf2, 0xff, 0xff, 0xff, 0xe7, 0x13, 0x00,
  0x00, 0x00, 0x00, 0x00, 0x00, 0x00, 0x00, 0x00, 0x00, 0x11, 0x75, 0x80, 0x74, 0x18, 0x00, 0x00,
  0x00, 0x00, 0x00, 0x00, 0x4b, 0xc9, 0xf5, 0x88, 0x00, 0x00, 0x00, 0x00, 0x00, 0x00, 0x00, 0x00,
  0x00, 0x60, 0xad, 0xae, 0x4b, 0x00, 0x2a, 0xfa, 0xff, 0xff, 0xff, 0x41, 0x00, 0x00, 0x00, 0x00,
  0x00, 0x00, 0x00, 0x6c, 0xff, 0xff, 0xff, 0xf8, 0x13, 0x7f, 0xff, 0xff, 0xff, 0xff, 0x6a, 0x00,
  0x00, 0x00, 0x00, 0x00, 0x00, 0x00, 0x9a, 0xff, 0xff, 0xff, 0xff, 0x47, 0x9b, 0xff, 0xff, 0xff,
  0xff, 0x76, 0x00, 0x00, 0x36, 0x6c, 0x11, 0x00, 0x00, 0xa3, 0xff, 0xff, 0xff, 0xff, 0x5a, 0x9f,
  0xff, 0xff, 0xff, 0xff, 0x70, 0x00, 0x2e, 0xf9, 0xff, 0xd3, 0x07, 0x00, 0xa1, 0xff, 0xff, 0xff,
  0xff, 0x5c, 0x93, 0xff, 0xff, 0xff, 0xff, 0x6a, 0x00, 0xc8, 0xff, 0xff, 0xff, 0x60, 0x00, 0x9b,
  0xff, 0xff, 0xff, 0xff, 0x51, 0x7a, 0xff, 0xff, 0xff, 0xff, 0x64, 0x2b, 0xff, 0xff, 0xff, 0xff,
  0xbf, 0x00, 0x98, 0xff, 0xff, 0xff, 0xff, 0x34, 0x56, 0xff, 0xff, 0xff, 0xff, 0x62, 0x8a, 0xff,
  0xff, 0xff, 0xff, 0xff, 0x1a, 0xa1, 0xff, 0xff, 0xff, 0xff, 0x10, 0x2a, 0xff, 0xff, 0xff, 0xff,
  0x74, 0xd7, 0xff, 0xff, 0xff, 0xff, 0xff, 0x63, 0xbd, 0xff, 0xff, 0xff, 0xe2, 0x00, 0x00, 0xe8,
  0xff, 0xff, 0xff, 0xca, 0xff, 0xff, 0xff, 0xc3, 0xff, 0xff, 0xd3, 0xf9, 0xff, 0xff, 0xff, 0xa8,
  0x00, 0x00, 0xa9, 0xff, 0xff, 0xff, 0xff, 0xff, 0xff, 0xf0, 0x1e, 0xff, 0xff, 0xff, 0xff, 0xff,
  0xff, 0xff, 0x66, 0x00, 0x00, 0x5d, 0xff, 0xff, 0xff, 0xff, 0xff, 0xff, 0x8b, 0x00, 0xa1, 0xff,
  0xff, 0xff, 0xff, 0xff, 0xff, 0x1b, 0x00, 0x00, 0x09, 0xec, 0xff, 0xff, 0xff, 0xff, 0xf2, 0x17,
  0x00, 0x27, 0xfd, 0xff, 0xff, 0xff, 0xff, 0xb7, 0x00, 0x00, 0x00, 0x00, 0x74, 0xff, 0xff, 0xff,
  0xff, 0x56, 0x00, 0x00, 0x00, 0x89, 0xff, 0xff, 0xff, 0xff, 0x40, 0x00, 0x00, 0x00, 0x00, 0x05,
  0xc8, 0xff, 0xff, 0xa1, 0x00, 0x00, 0x00, 0x00, 0x07, 0xac, 0xff, 0xff, 0x79, 0x00, 0x00, 0x00,
  0x00, 0x00, 0x00, 0x05, 0x3e, 0x2e, 0x00, 0x00, 0x00, 0x00, 0x00, 0x00, 0x00, 0x2c, 0x25, 0x00,
  0x00, 0x00, 0x00, 0x00, 0x1a, 0xbb, 0xfe, 0x9b, 0x0b, 0x00, 0x00, 0x00, 0x00, 0x2a, 0x7d, 0x2c,
  0x00, 0x00, 0x0a, 0xd4, 0xff, 0xff, 0xff, 0xa8, 0x00, 0x00, 0x00, 0x79, 0xfb, 0xff, 0xff, 0x80,
  0x00, 0x74, 0xff, 0xff, 0xff, 0xff, 0xff, 0x6b, 0x05, 0xa2, 0xff, 0xff, 0xff, 0xff, 0xff, 0x32,
  0x98, 0xff, 0xff, 0xff, 0xff, 0xff, 0xff, 0xc7, 0xff, 0xff, 0xff, 0xff, 0xff, 0xff, 0x4d, 0x27,
  0xcb, 0xff, 0xff, 0xff, 0xff, 0xff, 0xff, 0xff, 0xff, 0xff, 0xff, 0xff, 0xab, 0x00, 0x00, 0x09,
  0xc1, 0xff, 0xff, 0xff, 0xff, 0xff, 0xff, 0xff, 0xff, 0xff, 0x7b, 0x02, 0x00, 0x00, 0x00, 0x04,
  0xa2, 0xff, 0xff, 0xff, 0xff, 0xff, 0xff, 0xff, 0x63, 0x00, 0x00, 0x00, 0x00, 0x00, 0x00, 0x03,
  0xe5, 0xff, 0xff, 0xff, 0xff, 0xff, 0xb0, 0x00, 0x00, 0x00, 0x00, 0x00, 0x00, 0x02, 0xaf, 0xff,
  0xff, 0xff, 0xff, 0xff, 0xff, 0xff, 0x55, 0x00, 0x00, 0x00, 0x00, 0x05, 0xa7, 0xff, 0xff, 0xff,
  0xff, 0xff, 0xff, 0xff, 0xff, 0xf9, 0x50, 0x00, 0x00, 0x00, 0x93, 0xff, 0xff, 0xff, 0xff, 0xff,
  0xdf, 0xfe, 0xff, 0xff, 0xff, 0xf9, 0x33, 0x00, 0x44, 0xff, 0xff, 0xff, 0xff, 0xff, 0xd0, 0x0b,
  0x76, 0xff, 0xff, 0xff, 0xff, 0xec, 0x21, 0xb0, 0xff, 0xff, 0xff, 0xff, 0xee, 0x1d, 0x00, 0x01,
  0xbb, 0xff, 0xff, 0xff, 0xff, 0x8f, 0x85, 0xff, 0xff, 0xff, 0xfd, 0x43, 0x00, 0x00, 0x00, 0x0c,
  0xd7, 0xff, 0xff, 0xff, 0x78, 0x00, 0x7b, 0xfd, 0xff, 0x63, 0x00, 0x00, 0x00, 0x00, 0x00, 0x3a,
  0xff, 0xff, 0xbe, 0x0e, 0x00, 0x00, 0x27, 0x32, 0x00, 0x00, 0x00, 0x00, 0x00, 0x00, 0x00, 0x20,
  0x3e, 0x02, 0x00, 0x00, 0x00, 0x00, 0x00, 0x00, 0x00, 0x00, 0x00, 0x00, 0x00, 0x28, 0x06, 0x00,
  0x00, 0x02, 0x5d, 0xb8, 0xb1, 0x15, 0x00, 0x00, 0x00, 0x04, 0x91, 0xfd, 0xf0, 0x59, 0x00, 0x89,
  0xff, 0xff, 0xff, 0x7f, 0x00, 0x00, 0x00, 0x86, 0xff, 0xff, 0xff, 0xff, 0x23, 0xcb, 0xff, 0xff,
  0xff, 0xc0, 0x00, 0x00, 0x41, 0xff, 0xff, 0xff, 0xff, 0xff, 0x3b, 0xa4, 0xff, 0xff, 0xff, 0xfb,
  0x18, 0x0d, 0xdf, 0xff, 0xff, 0xff, 0xff, 0xbb, 0x01, 0x32, 0xff, 0xff, 0xff, 0xff, 0xc9, 0xc9,
  0xff, 0xff, 0xff, 0xff, 0xb0, 0x0f, 0x00, 0x00, 0xa6, 0xff, 0xff, 0xff, 0xff, 0xff, 0xff, 0xff,
  0xff, 0x75, 0x00, 0x00, 0x00, 0x00, 0x1c, 0xe6, 0xff, 0xff, 0xff, 0xff, 0xff, 0xff, 0xa5, 0x00,
  0x00, 0x00, 0x00, 0x00, 0x00, 0x27, 0xe9, 0xff, 0xff, 0xff, 0xff, 0xff, 0x31, 0x00, 0x00, 0x00,
  0x00, 0x00, 0x00, 0x00, 0x2e, 0xee, 0xff, 0xff, 0xff, 0xf1, 0x00, 0x00, 0x00, 0x00, 0x00, 0x00,
  0x00, 0x00, 0x00, 0xd9, 0xff, 0xff, 0xff, 0xea, 0x00, 0x00, 0x00, 0x00, 0x00, 0x00, 0x00, 0x00,
  0x08, 0xff, 0xff, 0xff, 0xff, 0xf9, 0x01, 0x00, 0x00, 0x00, 0x00, 0x00, 0x00, 0x00, 0x24, 0xff,
  0xff, 0xff, 0xff, 0xff, 0x1d, 0x00, 0x00, 0x00, 0x00, 0x00, 0x00, 0x00, 0x42, 0xff, 0xff, 0xff,
  0xff, 0xff, 0x43, 0x00, 0x00, 0x00, 0x00, 0x00, 0x00, 0x00, 0x40, 0xff, 0xff, 0xff, 0xff, 0xff,
  0x59, 0x00, 0x00, 0x00, 0x00, 0x00, 0x00, 0x00, 0x07, 0xc8, 0xff, 0xff, 0xff, 0xfa, 0x24, 0x00,
  0x00, 0x00, 0x00, 0x00, 0x00, 0x00, 0x00, 0x04, 0x40, 0x40, 0x40, 0x21, 0x00, 0x00, 0x00, 0x00,
  0x00, 0x0b, 0x76, 0x80, 0x80, 0x80, 0x80, 0x80, 0x80, 0x95, 0xbc, 0x89, 0x2e, 0x00, 0x6c, 0xff,
  0xff, 0xff, 0xff, 0xff, 0xff, 0xff, 0xff, 0xff, 0xff, 0xfc, 0x12, 0x92, 0xff, 0xff, 0xff, 0xff,
  0xff, 0xff, 0xff, 0xff, 0xff, 0xff, 0xff, 0x2f, 0x65, 0xff, 0xff, 0xff, 0xff, 0xff, 0xff, 0xff,
  0xff, 0xff, 0xff, 0xff, 0x13, 0x00, 0x49, 0x53, 0x1f, 0x00, 0x00, 0x44, 0xff, 0xff, 0xff, 0xff,
  0xc2, 0x00, 0x00, 0x00, 0x00, 0x00, 0x00, 0x33, 0xdd, 0xff, 0xff, 0xff, 0xdd, 0x24, 0x00, 0x00,
  0x00, 0x00, 0x00, 0x73, 0xfd, 0xff, 0xff, 0xff, 0xa3, 0x0d, 0x00, 0x00, 0x00, 0x00, 0x05, 0xb0,
  0xff, 0xff, 0xff, 0xff, 0x7c, 0x00, 0x00, 0x00, 0x00, 0x00, 0x00, 0x9f, 0xff, 0xff, 0xff, 0xff,
  0x72, 0x00, 0x00, 0x00, 0x00, 0x00, 0x00, 0x81, 0xff, 0xff, 0xff, 0xff, 0xe7, 0x40, 0x47, 0x78,
  0x7d, 0x37, 0x00, 0x30, 0xfd, 0xff, 0xff, 0xff, 0xff, 0xff, 0xff, 0xff, 0xff, 0xff, 0xf7, 0x12,
  0x8e, 0xff, 0xff, 0xff, 0xff, 0xff, 0xff, 0xff, 0xff, 0xff, 0xff, 0xff, 0x41, 0xa7, 0xff, 0xff,
  0xff, 0xff, 0xff, 0xff, 0xff, 0xff, 0xff, 0xff, 0xff, 0x37, 0x79, 0xff, 0xff, 0xff, 0xff, 0xff,
  0xff, 0xff, 0xff, 0xff, 0xff, 0xfa, 0x08, 0x0e, 0xa9, 0xff, 0xff, 0xff, 0xff, 0xff, 0xff, 0xff,
  0xff, 0xf3, 0x73, 0x00, 0x00, 0x00, 0x1c, 0x40, 0x40, 0x40, 0x40, 0x40, 0x3b, 0x0c, 0x00, 0x00,
  0x00, 0x00, 0x08, 0x6f, 0xb9, 0xc0, 0xc0, 0xbd, 0x54, 0x00, 0x8b, 0xff, 0xff, 0xff, 0xff, 0xff,
  0xc5, 0x00, 0xe6, 0xff, 0xff, 0xff, 0xff, 0xff, 0xc1, 0x0e, 0xff, 0xff, 0xff, 0xff, 0xcb, 0xb6,
  0x49, 0x27, 0xff, 0xff, 0xff, 0xe2, 0x00, 0x00, 0x00, 0x38, 0xff, 0xff, 0xff, 0xc6, 0x00, 0x00,
  0x00, 0x3d, 0xff, 0xff, 0xff, 0xad, 0x00, 0x00, 0x00, 0x40, 0xff, 0xff, 0xff, 0x9e, 0x00, 0x00,
  0x00, 0x3a, 0xff, 0xff, 0xff, 0x91, 0x00, 0x00, 0x00, 0x3d, 0xff, 0xff, 0xff, 0x8c, 0x00, 0x00,
  0x00, 0x40, 0xff, 0xff, 0xff, 0x8e, 0x00, 0x00, 0x00, 0x42, 0xff, 0xff, 0xff, 0x9a, 0x00, 0x00,
  0x00, 0x3e, 0xff, 0xff, 0xff, 0xb0, 0x00, 0x00, 0x00, 0x34, 0xff, 0xff, 0xff, 0xca, 0x00, 0x00,
  0x00, 0x1e, 0xff, 0xff, 0xff, 0xf1, 0x70, 0x2e, 0x00, 0x04, 0xf8, 0xff, 0xff, 0xff, 0xff, 0xff,
  0xa1, 0x00, 0xbd, 0xff, 0xff, 0xff, 0xff, 0xff, 0xc2, 0x00, 0x51, 0xfc, 0xff, 0xff, 0xff, 0xff,
  0xae, 0x00, 0x00, 0x05, 0x3b, 0x40, 0x40, 0x40, 0x0f, 0x00, 0x00, 0x36, 0x07, 0x00, 0x00, 0x00,
  0x00, 0x00, 0x00, 0x37, 0xc4, 0xff, 0x90, 0x00, 0x00, 0x00, 0x00, 0x00, 0x00, 0xc0, 0xff, 0xff,
  0xff, 0x2d, 0x00, 0x00, 0x00, 0x00, 0x00, 0x58, 0xff, 0xff, 0xff, 0xa5, 0x00, 0x00, 0x00, 0x00,
  0x00, 0x00, 0xc6, 0xff, 0xff, 0xfc, 0x1f, 0x00, 0x00, 0x00, 0x00, 0x00, 0x38, 0xff, 0xff, 0xff,
  0xa7, 0x00, 0x00, 0x00, 0x00, 0x00, 0x00, 0xb0, 0xff, 0xff, 0xfe, 0x2a, 0x00, 0x00, 0x00, 0x00,
  0x00, 0x28, 0xfd, 0xff, 0xff, 0xad, 0x00, 0x00, 0x00, 0x00, 0x00, 0x00, 0xa0, 0xff, 0xff, 0xff,
  0x27, 0x00, 0x00, 0x00, 0x00, 0x00, 0x29, 0xfe, 0xff, 0xff, 0x96, 0x00, 0x00, 0x00, 0x00, 0x00,
  0x00, 0xb5, 0xff, 0xff, 0xf6, 0x10, 0x00, 0x00, 0x00, 0x00, 0x00, 0x42, 0xff, 0xff, 0xff, 0x70,
  0x00, 0x00, 0x00, 0x00, 0x00, 0x00, 0xdc, 0xff, 0xff, 0xd8, 0x00, 0x00, 0x00, 0x00, 0x00, 0x00,
  0x7e, 0xff, 0xff, 0xff, 0x30, 0x00, 0x00, 0x00, 0x00, 0x00, 0x20, 0xff, 0xff, 0xff, 0x75, 0x00,
  0x00, 0x00, 0x00, 0x00, 0x00, 0xb2, 0xff, 0xff, 0x71, 0x00, 0x00, 0x00, 0x00, 0x00, 0x00, 0x19,
  0x80, 0x3f, 0x00, 0x00, 0x90, 0xc0, 0xc0, 0xc0, 0xa6, 0x44, 0x00, 0x1b, 0xff, 0xff, 0xff, 0xff,
  0xff, 0xff, 0x35, 0x15, 0xff, 0xff, 0xff, 0xff, 0xff, 0xff, 0x8f, 0x00, 0x7c, 0xc0, 0xe0, 0xff,
  0xff, 0xff, 0xb8, 0x00, 0x00, 0x00, 0x36, 0xff, 0xff, 0xff, 0xd1, 0x00, 0x00, 0x00, 0x1b, 0xff,
  0xff, 0xff, 0xe1, 0x00, 0x00, 0x00, 0x05, 0xff, 0xff, 0xff, 0xe9, 0x00, 0x00, 0x00, 0x00, 0xf3,
  0xff, 0xff, 0xe9, 0x00, 0x00, 0x00, 0x00, 0xe8, 0xff, 0xff, 0xe4, 0x00, 0x00, 0x00, 0x00, 0xe1,
  0xff, 0xff, 0xe7, 0x00, 0x00, 0x00, 0x00, 0xe2, 0xff, 0xff, 0xe9, 0x00, 0x00, 0x00, 0x00, 0xee,
  0xff, 0xff, 0xeb, 0x00, 0x00, 0x00, 0x04, 0xff, 0xff, 0xff, 0xe9, 0x00, 0x00, 0x00, 0x1d, 0xff,
  0xff, 0xff, 0xdc, 0x00, 0x06, 0x42, 0x97, 0xff, 0xff, 0xff, 0xc6, 0x06, 0xf0, 0xff, 0xff, 0xff,
  0xff, 0xff, 0xa6, 0x16, 0xff, 0xff, 0xff, 0xff, 0xff, 0xff, 0x67, 0x09, 0xf9, 0xff, 0xff, 0xff,
  0xff, 0xe4, 0x17, 0x00, 0x25, 0x40, 0x40, 0x40, 0x2e, 0x00, 0x00, 0x00, 0x00, 0x00, 0x59, 0xb9,
  0x8d, 0x02, 0x00, 0x00, 0x00, 0x00, 0x6d, 0xff, 0xff, 0xff, 0x7f, 0x00, 0x00, 0x00, 0x5b, 0xff,
  0xff, 0xf8, 0xff, 0xfe, 0x26, 0x00, 0x0c, 0xe7, 0xff, 0xfe, 0x4d, 0xff, 0xff, 0xb3, 0x00, 0x87,
  0xff, 0xff, 0xae, 0x00, 0xcc, 0xff, 0xff, 0x2e, 0xa9, 0xff, 0xff, 0x36, 0x00, 0x7f, 0xff, 0xfe,
  0x2f, 0x14, 0x60, 0x41, 0x00, 0x00, 0x11, 0x68, 0x31, 0x00, 0x00, 0x00, 0x1e, 0x3e, 0x40, 0x40,
  0x40, 0x40, 0x40, 0x40, 0x1a, 0x00, 0x7d, 0xff, 0xff, 0xff, 0xff, 0xff, 0xff, 0xff, 0xff, 0xff,
  0xfe, 0x33, 0xc6, 0xff, 0xff, 0xff, 0xff, 0xff, 0xff, 0xff, 0xff, 0xff, 0xff, 0x5c, 0xab, 0xff,
  0xff, 0xff, 0xff, 0xff, 0xff, 0xff, 0xff, 0xff, 0xff, 0x1f, 0x29, 0x80, 0x80, 0x80, 0x80, 0x80,
  0x80, 0x80, 0x80, 0x79, 0x3f, 0x00, 0x00, 0x25, 0x03, 0x00, 0x00, 0x00, 0x73, 0xff, 0xd5, 0x15,
  0x00, 0x00, 0x7a, 0xff, 0xff, 0xd6, 0x2f, 0x00, 0x00, 0x77, 0xff, 0xff, 0xf1, 0x05, 0x00, 0x00,
  0x3c, 0xf3, 0x90, 0x00, 0x00, 0x00, 0x00, 0x00, 0x00, 0x00, 0x00, 0x00, 0x00, 0x06, 0x39, 0x72,
  0x80, 0x80, 0x6a, 0x12, 0x00, 0x00, 0x00, 0x00, 0x01, 0x87, 0xf4, 0xff, 0xff, 0xff, 0xff, 0xff,
  0xe4, 0x2b, 0x00, 0x00, 0x02, 0xa1, 0xff, 0xff, 0xff, 0xff, 0xff, 0xff, 0xff, 0xff, 0xee, 0x3d,
  0x00, 0x45, 0xff, 0xff, 0xff, 0xff, 0xff, 0xff, 0xff, 0xff, 0xff, 0xff, 0xd7, 0x00, 0x28, 0xff,
  0xff, 0xff, 0x9f, 0x3d, 0x18, 0xf1, 0xff, 0xff, 0xff, 0xff, 0x15, 0x00, 0x53, 0x6f, 0x34, 0x0e,
  0x51, 0xd4, 0xff, 0xff, 0xff, 0xff, 0xff, 0x30, 0x00, 0x00, 0x20, 0xab, 0xfa, 0xff, 0xff, 0xff,
  0xff, 0xff, 0xff, 0xff, 0x3e, 0x00, 0x32, 0xee, 0xff, 0xff, 0xff, 0xdf, 0xeb, 0xff, 0xff, 0xff,
  0xff, 0x4c, 0x08, 0xe4, 0xff, 0xff, 0xff, 0x75, 0x00, 0x41, 0xff, 0xff, 0xff, 0xff, 0x5e, 0x63,
  0xff, 0xff, 0xff, 0x96, 0x00, 0x38, 0xd7, 0xff, 0xff, 0xff, 0xff, 0x6e, 0xa6, 0xff, 0xff, 0xff,
  0xea, 0xea, 0xff, 0xff, 0xff, 0xff, 0xff, 0xff, 0x84, 0xb0, 0xff, 0xff, 0xff, 0xff, 0xff, 0xff,
  0xff, 0xff, 0xff, 0xff, 0xff, 0x8d, 0x5d, 0xff, 0xff, 0xff, 0xff, 0xff, 0xff, 0xff, 0xff, 0xff,
  0xff, 0xff, 0x83, 0x00, 0x71, 0xd3, 0xff, 0xff, 0xe1, 0xa2, 0x3f, 0x67, 0xe5, 0xff, 0xfa, 0x24,
  0x00, 0x00, 0x00, 0x00, 0x00, 0x00, 0x00, 0x00, 0x00, 0x07, 0x3f, 0x25, 0x00, 0x00, 0x12, 0x93,
  0xea, 0xa6, 0x67, 0x00, 0x00, 0x00, 0x00, 0x00, 0x00, 0x00, 0x00, 0x00, 0x9c, 0xff, 0xff, 0xff,
  0xff, 0x21, 0x00, 0x00, 0x00, 0x00, 0x00, 0x00, 0x00, 0x00, 0xe9, 0xff, 0xff, 0xff, 0xff, 0x26,
  0x00, 0x00, 0x00, 0x00, 0x00, 0x00, 0x00, 0x1a, 0xff, 0xff, 0xff, 0xff, 0xff, 0x07, 0x00, 0x00,
  0x00, 0x00, 0x00, 0x00, 0x00, 0x3f, 0xff, 0xff, 0xff, 0xff, 0xdc, 0x03, 0x34, 0x40, 0x3a, 0x05,
  0x00, 0x00, 0x00, 0x50, 0xff, 0xff, 0xff, 0xff, 0xe1, 0xe6, 0xff, 0xff, 0xff, 0xe7, 0x52, 0x00,
  0x00, 0x65, 0xff, 0xff, 0xff, 0xff, 0xff, 0xff, 0xff, 0xff, 0xff, 0xff, 0xff, 0x5b, 0x00, 0x74,
  0xff, 0xff, 0xff, 0xff, 0xe8, 0x63, 0x13, 0xc0, 0xff, 0xff, 0xff, 0xf2, 0x0d, 0x81, 0xff, 0xff,
  0xff, 0xff, 0x3c, 0x00, 0x00, 0x92, 0xff, 0xff, 0xff, 0xff, 0x51, 0x81, 0xff, 0xff, 0xff, 0xfb,
  0x00, 0x00, 0x08, 0xdf, 0xff, 0xff, 0xff, 0xff, 0x71, 0x78, 0xff, 0xff, 0xff, 0xff, 0x43, 0x2d,
  0xb5, 0xff, 0xff, 0xff, 0xff, 0xff, 0x5d, 0x62, 0xff, 0xff, 0xff, 0xff, 0xff, 0xff, 0xff, 0xff,
  0xff, 0xff, 0xff, 0xff, 0x1c, 0x3a, 0xff, 0xff, 0xff, 0xff, 0xff, 0xff, 0xff, 0xff, 0xff, 0xff,
  0xff, 0xae, 0x00, 0x0b, 0xf2, 0xff, 0xff, 0xff, 0xff, 0xff, 0xff, 0xff, 0xff, 0xff, 0xde, 0x1b,
  0x00, 0x00, 0x67, 0xe2, 0x78, 0x87, 0xf2, 0xff, 0xff, 0xff, 0xe0, 0x8f, 0x19, 0x00, 0x00, 0x00,
  0x00, 0x00, 0x00, 0x00, 0x03, 0x27, 0x3f, 0x15, 0x00, 0x00, 0x00, 0x00, 0x00, 0x00, 0x00, 0x00,
  0x00, 0x39, 0x8a, 0xbf, 0xc0, 0x9e, 0x58, 0x08, 0x00, 0x00, 0x00, 0x00, 0x13, 0xa9, 0xff, 0xff,
  0xff, 0xff, 0xff, 0xff, 0xe2, 0x40, 0x00, 0x00, 0x10, 0xdf, 0xff, 0xff, 0xff, 0xff, 0xff, 0xff,
  0xff, 0xff, 0xf6, 0x31, 0x00, 0xa2, 0xff, 0xff, 0xff, 0xff, 0xae, 0x5d, 0xf7, 0xff, 0xff, 0xff,
  0xaa, 0x23, 0xff, 0xff, 0xff, 0xff, 0xc2, 0x03, 0x00, 0xdc, 0xff, 0xff, 0xff, 0xab, 0x73, 0xff,
  0xff, 0xff, 0xfd, 0x2c, 0x00, 0x00, 0xf6, 0xff, 0xff, 0xff, 0x53, 0xa8, 0xff, 0xff, 0xff, 0xbb,
  0x00, 0x00, 0x00, 0x83, 0xff, 0xee, 0x70, 0x00, 0xbd, 0xff, 0xff, 0xff, 0x92, 0x00, 0x00, 0x00,
  0x00, 0x00, 0x00, 0x00, 0x00, 0xb6, 0xff, 0xff, 0xff, 0xd4, 0x08, 0x00, 0x00, 0x3b, 0x7e, 0x7c,
  0x19, 0x00, 0x8c, 0xff, 0xff, 0xff, 0xff, 0xe3, 0xcd, 0xfc, 0xff, 0xff, 0xff, 0xea, 0x1a, 0x37,
  0xff, 0xff, 0xff, 0xff, 0xff, 0xff, 0xff, 0xff, 0xff, 0xff, 0xff, 0x6d, 0x00, 0xb9, 0xff, 0xff,
  0xff, 0xff, 0xff, 0xff, 0xff, 0xff, 0xff, 0xff, 0x7a, 0x00, 0x15, 0xd5, 0xff, 0xff, 0xff, 0xff,
  0xff, 0xff, 0xff, 0xff, 0xf7, 0x28, 0x00, 0x00, 0x0f, 0x9f, 0xfc, 0xff, 0xff, 0xff, 0xff, 0xff,
  0xcb, 0x3a, 0x00, 0x00, 0x00, 0x00, 0x00, 0x0b, 0x3f, 0x64, 0x7f, 0x71, 0x36, 0x00, 0x00, 0x00,
  0x00, 0x00, 0x00, 0x00, 0x00, 0x00, 0x00, 0x00, 0x00, 0x00, 0x31, 0xae, 0xc0, 0x95, 0x44, 0x00,
  0x00, 0x00, 0x00, 0x00, 0x00, 0x00, 0x00, 0x00, 0x00, 0x0a, 0xe2, 0xff, 0xff, 0xff, 0xff, 0x3b,
  0x00, 0x00, 0x00, 0x4b, 0xae, 0xee, 0xec, 0xbe, 0x3f, 0x5b, 0xff, 0xff, 0xff, 0xff, 0xff, 0x36,
  0x00, 0x00, 0x8d, 0xff, 0xff, 0xff, 0xff, 0xff, 0xfe, 0xd6, 0xff, 0xff, 0xff, 0xff, 0xf6, 0x0a,
  0x00, 0x78, 0xff, 0xff, 0xff, 0xff, 0xff, 0xff, 0xff, 0xff, 0xff, 0xff, 0xff, 0xff, 0x99, 0x00,
  0x15, 0xf7, 0xff, 0xff, 0xff, 0xfe, 0x9c, 0xd8, 0xff, 0xff, 0xff, 0xff, 0xff, 0xff, 0x51, 0x00,
  0x76, 0xff, 0xff, 0xff, 0xff, 0x86, 0x00, 0x07, 0xd9, 0xff, 0xff, 0xff, 0xff, 0xfd, 0x0f, 0x00,
  0xac, 0xff, 0xff, 0xff, 0xff, 0x42, 0x00, 0x00, 0x80, 0xff, 0xff, 0xff, 0xff, 0xd7, 0x00, 0x00,
  0xc0, 0xff, 0xff, 0xff, 0xff, 0x74, 0x00, 0x00, 0x7e, 0xff, 0xff, 0xff, 0xff, 0xb0, 0x00, 0x00,
  0xb3, 0xff, 0xff, 0xff, 0xff, 0xea, 0x1d, 0x41, 0xe6, 0xff, 0xff, 0xff, 0xff, 0x92, 0x00, 0x00,
  0x8b, 0xff, 0xff, 0xff, 0xff, 0xff, 0xff, 0xff, 0xff, 0xff, 0xff, 0xff, 0xff, 0x82, 0x00, 0x00,
  0x51, 0xff, 0xff, 0xff, 0xff, 0xff, 0xff, 0xff, 0xff, 0xff, 0xff, 0xff, 0xff, 0x79, 0x00, 0x00,
  0x07, 0xed, 0xff, 0xff, 0xff, 0xff, 0xff, 0xff, 0xff, 0xff, 0xff, 0xff, 0xff, 0x74, 0x00, 0x00,
  0x00, 0x59, 0xff, 0xff, 0xff, 0xff, 0xff, 0xff, 0xff, 0xff, 0xff, 0xff, 0xff, 0x6a, 0x00, 0x00,
  0x00, 0x00, 0x5d, 0xcb, 0xff, 0xff, 0xf2, 0xa3, 0x4d, 0x2e, 0xb3, 0xfd, 0xc2, 0x20, 0x00, 0x00,
  0x00, 0x00, 0x00, 0x00, 0x00, 0x00, 0x00, 0x00, 0x00, 0x00, 0x00, 0x00, 0x00, 0x00, 0x00, 0x00,
  0x00, 0x00, 0x00, 0x00, 0x3c, 0x86, 0xa5, 0xbd, 0xaa, 0x62, 0x0d, 0x00, 0x00, 0x00, 0x00, 0x03,
  0xa3, 0xff, 0xff, 0xff, 0xff, 0xff, 0xff, 0xe6, 0x73, 0x00, 0x00, 0x03, 0xad, 0xff, 0xff, 0xff,
  0xff, 0xff, 0xff, 0xff, 0xff, 0xff, 0x60, 0x00, 0x75, 0xff, 0xff, 0xff, 0xff, 0xc1, 0x40, 0xaa,
  0xff, 0xff, 0xff, 0xc8, 0x0f, 0xf3, 0xff, 0xff, 0xff, 0xf1, 0x13, 0x00, 0xb0, 0xff, 0xff, 0xff,
  0xe5, 0x6b, 0xff, 0xff, 0xff, 0xff, 0xff, 0xff, 0xff, 0xff, 0xff, 0xff, 0xff, 0xa3, 0xaa, 0xff,
  0xff, 0xff, 0xe3, 0xeb, 0xff, 0xff, 0xff, 0xff, 0xff, 0xe3, 0x1a, 0xc0, 0xff, 0xff, 0xff, 0xb2,
  0x0a, 0x50, 0x9d, 0xe3, 0xd4, 0xae, 0x1d, 0x00, 0xb8, 0xff, 0xff, 0xff, 0xeb, 0x10, 0x00, 0x00,
  0x37, 0x69, 0x7f, 0x1c, 0x00, 0x81, 0xff, 0xff, 0xff, 0xff, 0xdc, 0xcc, 0xfe, 0xff, 0xff, 0xff,
  0xf0, 0x27, 0x20, 0xfe, 0xff, 0xff, 0xff, 0xff, 0xff, 0xff, 0xff, 0xff, 0xff, 0xff, 0x8b, 0x00,
  0x81, 0xff, 0xff, 0xff, 0xff, 0xff, 0xff, 0xff, 0xff, 0xff, 0xff, 0x8f, 0x00, 0x02, 0x99, 0xff,
  0xff, 0xff, 0xff, 0xff, 0xff, 0xff, 0xff, 0xfe, 0x30, 0x00, 0x00, 0x00, 0x5c, 0xd9, 0xff, 0xff,
  0xff, 0xff, 0xff, 0xea, 0x55, 0x00, 0x00, 0x00, 0x00, 0x00, 0x00, 0x23, 0x50, 0x7c, 0x7d, 0x50,
  0x07, 0x00, 0x00, 0x00, 0x00, 0x00, 0x00, 0x00, 0x00, 0x39, 0x7f, 0xb5, 0xa1, 0x76, 0x16, 0x00,
  0x00, 0x00, 0x00, 0x00, 0x00, 0x06, 0xb4, 0xff, 0xff, 0xff, 0xff, 0xff, 0xd7, 0x1d, 0x00, 0x00,
  0x00, 0x00, 0x00, 0x90, 0xff, 0xff, 0xff, 0xff, 0xff, 0xff, 0xff, 0xf1, 0x26, 0x00, 0x00, 0x00,
  0x12, 0xfc, 0xff, 0xff, 0xff, 0xff, 0xff, 0xff, 0xff, 0xff, 0x50, 0x00, 0x00, 0x00, 0x49, 0xff,
  0xff, 0xff, 0xff, 0xa7, 0x1f, 0xd4, 0xff, 0xf4, 0x0e, 0x00, 0x00, 0x00, 0x5d, 0xff, 0xff, 0xff,
  0xff, 0x60, 0x00, 0x1c, 0x7d, 0x37, 0x00, 0x00, 0x00, 0x00, 0x65, 0xff, 0xff, 0xff, 0xff, 0x6e,
  0x00, 0x00, 0x00, 0x00, 0x00, 0x1e, 0xb1, 0xfd, 0xff, 0xff, 0xff, 0xff, 0xff, 0xe7, 0xc0, 0xc0,
  0x99, 0x00, 0x00, 0x9f, 0xff, 0xff, 0xff, 0xff, 0xff, 0xff, 0xff, 0xff, 0xff, 0xff, 0xff, 0x27,
  0x00, 0xc9, 0xff, 0xff, 0xff, 0xff, 0xff, 0xff, 0xff, 0xff, 0xff, 0xff, 0xff, 0x25, 0x00, 0x90,
  0xff, 0xff, 0xff, 0xff, 0xff, 0xff, 0xff, 0xf7, 0xc0, 0x98, 0x61, 0x00, 0x00, 0x02, 0x40, 0x40,
  0xb9, 0xff, 0xff, 0xff, 0xff, 0x83, 0x00, 0x00, 0x00, 0x00, 0x00, 0x00, 0x00, 0x00, 0x92, 0xff,
  0xff, 0xff, 0xff, 0x86, 0x00, 0x00, 0x00, 0x00, 0x00, 0x00, 0x00, 0x00, 0x86, 0xff, 0xff, 0xff,
  0xff, 0x99, 0x00, 0x00, 0x00, 0x00, 0x00, 0x00, 0x00, 0x00, 0x7c, 0xff, 0xff, 0xff, 0xff, 0xb8,
  0x00, 0x00, 0x00, 0x00, 0x00, 0x00, 0x00, 0x00, 0x70, 0xff, 0xff, 0xff, 0xff, 0xd0, 0x00, 0x00,
  0x00, 0x00, 0x00, 0x00, 0x00, 0x00, 0x58, 0xff, 0xff, 0xff, 0xff, 0xd9, 0x00, 0x00, 0x00, 0x00,
  0x00, 0x00, 0x00, 0x00, 0x15, 0xdd, 0xff, 0xff, 0xfa, 0x56, 0x00, 0x00, 0x00, 0x00, 0x00, 0x00,
  0x00, 0x00, 0x00, 0x02, 0x38, 0x40, 0x19, 0x00, 0x00, 0x00, 0x00, 0x00, 0x00, 0x00, 0x00, 0x00,
  0x00, 0x41, 0x83, 0xb9, 0xc0, 0xbb, 0x7f, 0x3e, 0xcf, 0xf1, 0xa5, 0x1f, 0x00, 0x00, 0x1c, 0xc8,
  0xff, 0xff, 0xff, 0xff, 0xff, 0xff, 0xff, 0xff, 0xff, 0xff, 0xce, 0x00, 0x2d, 0xeb, 0xff, 0xff,
  0xff, 0xff, 0xff, 0xff, 0xff, 0xff, 0xff, 0xff, 0xff, 0xe4, 0x05, 0xda, 0xff, 0xff, 0xff, 0xc0,
  0x47, 0x49, 0xc4, 0xff, 0xff, 0xff, 0xff, 0xff, 0xab, 0x5c, 0xff, 0xff, 0xff, 0xe6, 0x04, 0x00,
  0x00, 0x12, 0xf7, 0xff, 0xff, 0xff, 0xff, 0x65, 0xb5, 0xff, 0xff, 0xff, 0xdd, 0x03, 0x00, 0x00,
  0x00, 0xdc, 0xff, 0xff, 0xff, 0xff, 0x1b, 0xc9, 0xff, 0xff, 0xff, 0xff, 0x83, 0x02, 0x19, 0x83,
  0xff, 0xff, 0xff, 0xff, 0xf4, 0x00, 0xab, 0xff, 0xff, 0xff, 0xff, 0xff, 0xff, 0xff, 0xff, 0xff,
  0xff, 0xff, 0xff, 0xe4, 0x00, 0x5d, 0xff, 0xff, 0xff, 0xff, 0xff, 0xff, 0xff, 0xff, 0xff, 0xff,
  0xff, 0xff, 0xe1, 0x00, 0x05, 0xd4, 0xff, 0xff, 0xff, 0xff, 0xff, 0xff, 0xff, 0xff, 0xff, 0xff,
  0xff, 0xed, 0x00, 0x00, 0x19, 0xb0, 0xff, 0xff, 0xff, 0xff, 0xff, 0xff, 0xff, 0xff, 0xff, 0xff,
  0xfe, 0x01, 0x00, 0x00, 0x00, 0x2c, 0x72, 0xa1, 0xc0, 0xb4, 0x6f, 0xa6, 0xff, 0xff, 0xff, 0xff,
  0x0e, 0x00, 0x00, 0x07, 0x56, 0x0f, 0x00, 0x00, 0x00, 0x1e, 0xf2, 0xff, 0xff, 0xff, 0xff, 0x14,
  0x00, 0x00, 0xce, 0xff, 0xf9, 0xc0, 0x95, 0xae, 0xed, 0xff, 0xff, 0xff, 0xff, 0xff, 0x06, 0x00,
  0x23, 0xff, 0xff, 0xff, 0xff, 0xff, 0xff, 0xff, 0xff, 0xff, 0xff, 0xff, 0xc9, 0x00, 0x00, 0x1c,
  0xff, 0xff, 0xff, 0xff, 0xff, 0xff, 0xff, 0xff, 0xff, 0xff, 0xfd, 0x37, 0x00, 0x00, 0x00, 0xae,
  0xff, 0xff, 0xff, 0xff, 0xff, 0xff, 0xff, 0xff, 0xfd, 0x5d, 0x00, 0x00, 0x00, 0x00, 0x08, 0x8c,
  0xf2, 0xff, 0xff, 0xff, 0xff, 0xfc, 0xae, 0x2f, 0x00, 0x00, 0x00, 0x00, 0x00, 0x00, 0x00, 0x05,
  0x3b, 0x40, 0x40, 0x37, 0x09, 0x00, 0x00, 0x00, 0x00, 0x00, 0x00, 0x05, 0x6a, 0x77, 0x39, 0x00,
  0x00, 0x00, 0x00, 0x00, 0x00, 0x00, 0x00, 0x00, 0x00, 0x80, 0xff, 0xff, 0xff, 0x70, 0x00, 0x00,
  0x00, 0x00, 0x00, 0x00, 0x00, 0x00, 0x07, 0xf6, 0xff, 0xff, 0xff, 0xb8, 0x00, 0x00, 0x00, 0x00,
  0x00, 0x00, 0x00, 0x00, 0x3f, 0xff, 0xff, 0xff, 0xff, 0xb4, 0x00, 0x00, 0x00, 0x00, 0x00, 0x00,
  0x00, 0x00, 0x66, 0xff, 0xff, 0xff, 0xff, 0x8d, 0x0d, 0x6b, 0xb0, 0x7b, 0x1c, 0x00, 0x00, 0x00,
  0x79, 0xff, 0xff, 0xff, 0xff, 0x75, 0xdc, 0xff, 0xff, 0xff, 0xf5, 0x45, 0x00, 0x00, 0x83, 0xff,
  0xff, 0xff, 0xff, 0xd7, 0xff, 0xff, 0xff, 0xff, 0xff, 0xf8, 0x41, 0x00, 0x81, 0xff, 0xff, 0xff,
  0xff, 0xff, 0xff, 0xff, 0xff, 0xff, 0xff, 0xff, 0xc4, 0x00, 0x78, 0xff, 0xff, 0xff, 0xff, 0xff,
  0x84, 0x54, 0xf7, 0xff, 0xff, 0xff, 0xff, 0x1a, 0x6a, 0xff, 0xff, 0xff, 0xff, 0xd3, 0x01, 0x00,
  0xb0, 0xff, 0xff, 0xff, 0xff, 0x4e, 0x57, 0xff, 0xff, 0xff, 0xff, 0x86, 0x00, 0x00, 0x85, 0xff,
  0xff, 0xff, 0xff, 0x76, 0x40, 0xff, 0xff, 0xff, 0xff, 0x68, 0x00, 0x00, 0x74, 0xff, 0xff, 0xff,
  0xff, 0x97, 0x1c, 0xff, 0xff, 0xff, 0xff, 0x56, 0x00, 0x00, 0x68, 0xff, 0xff, 0xff, 0xff, 0xa6,
  0x00, 0xe0, 0xff, 0xff, 0xff, 0x3f, 0x00, 0x00, 0x50, 0xff, 0xff, 0xff, 0xff, 0x98, 0x00, 0x65,
  0xff, 0xff, 0xec, 0x11, 0x00, 0x00, 0x16, 0xf6, 0xff, 0xff, 0xfe, 0x3f, 0x00, 0x00, 0x68, 0x60,
  0x19, 0x00, 0x00, 0x00, 0x00, 0x24, 0x7a, 0x7c, 0x2a, 0x00, 0x00, 0x00, 0x00, 0x09, 0x1e, 0x00,
  0x00, 0x00, 0x08, 0xa4, 0xeb, 0xff, 0xb4, 0x2b, 0x00, 0x92, 0xff, 0xff, 0xff, 0xff, 0xd2, 0x06,
  0xf2, 0xff, 0xff, 0xff, 0xff, 0xed, 0x06, 0xfa, 0xff, 0xff, 0xff, 0xff, 0x96, 0x00, 0x5c, 0xfd,
  0xff, 0xf6, 0x98, 0x08, 0x00, 0x00, 0x1b, 0x3c, 0x09, 0x00, 0x00, 0x00, 0x35, 0xae, 0xc0, 0xbe,
  0x40, 0x00, 0x23, 0xfc, 0xff, 0xff, 0xff, 0xa0, 0x00, 0x66, 0xff, 0xff, 0xff, 0xff, 0x7e, 0x00,
  0x91, 0xff, 0xff, 0xff, 0xff, 0x53, 0x00, 0xa4, 0xff, 0xff, 0xff, 0xff, 0x30, 0x00, 0xa1, 0xff,
  0xff, 0xff, 0xff, 0x28, 0x00, 0x75, 0xff, 0xff, 0xff, 0xff, 0x25, 0x00, 0x1f, 0xfe, 0xff, 0xff,
  0xff, 0x17, 0x00, 0x00, 0x52, 0xdf, 0xff, 0x9b, 0x00, 0x00, 0x00, 0x00, 0x00, 0x00, 0x00, 0x3a,
  0x95, 0x83, 0x3c, 0x01, 0x00, 0x00, 0x00, 0x00, 0x00, 0x00, 0xa6, 0xff, 0xff, 0xff, 0xff, 0x77,
  0x00, 0x00, 0x00, 0x00, 0x00, 0x2e, 0xff, 0xff, 0xff, 0xff, 0xff, 0xb2, 0x00, 0x00, 0x00, 0x00,
  0x00, 0x45, 0xff, 0xff, 0xff, 0xff, 0xff, 0x55, 0x00, 0x00, 0x00, 0x00, 0x00, 0x00, 0x9c, 0xff,
  0xff, 0xe5, 0x74, 0x00, 0x00, 0x00, 0x00, 0x00, 0x00, 0x00, 0x00, 0x2e, 0x34, 0x02, 0x00, 0x00,
  0x00, 0x00, 0x00, 0x00, 0x2b, 0x7f, 0xb1, 0xc0, 0xc0, 0xc0, 0xc0, 0x8b, 0x0e, 0x00, 0x00, 0x00,
  0xc8, 0xff, 0xff, 0xff, 0xff, 0xff, 0xff, 0xff, 0x7c, 0x00, 0x00, 0x00, 0xaa, 0xff, 0xff, 0xff,
  0xff, 0xff, 0xff, 0xff, 0xbb, 0x00, 0x00, 0x00, 0x1d, 0xbb, 0xa0, 0x46, 0x83, 0xff, 0xff, 0xff,
  0xe8, 0x00, 0x00, 0x00, 0x00, 0x00, 0x00, 0x00, 0x01, 0xf1, 0xff, 0xff, 0xff, 0x0a, 0x00, 0x00,
  0x00, 0x00, 0x00, 0x00, 0x00, 0xde, 0xff, 0xff, 0xff, 0x11, 0x00, 0x01, 0x35, 0x16, 0x00, 0x00,
  0x0b, 0xf6, 0xff, 0xff, 0xfc, 0x06, 0x0d, 0xbf, 0xff, 0xe8, 0x59, 0x00, 0x7e, 0xff, 0xff, 0xff,
  0xd1, 0x00, 0x99, 0xff, 0xff, 0xff, 0xff, 0xde, 0xff, 0xff, 0xff, 0xff, 0x87, 0x00, 0xbf, 0xff,
  0xff, 0xff, 0xff, 0xff, 0xff, 0xff, 0xff, 0xfa, 0x24, 0x00, 0x74, 0xff, 0xff, 0xff, 0xff, 0xff,
  0xff, 0xff, 0xff, 0x7d, 0x00, 0x00, 0x01, 0x92, 0xff, 0xff, 0xff, 0xff, 0xff, 0xfc, 0x7d, 0x00,
  0x00, 0x00, 0x00, 0x00, 0x2b, 0x83, 0xbe, 0xc0, 0x89, 0x26, 0x00, 0x00, 0x00, 0x00, 0x00, 0x6e,
  0xb5, 0xc0, 0xba, 0x49, 0x00, 0x00, 0x00, 0x00, 0x00, 0x00, 0x00, 0x00, 0x38, 0xff, 0xff, 0xff,
  0xff, 0xed, 0x00, 0x00, 0x00, 0x00, 0x00, 0x00, 0x00, 0x00, 0x50, 0xff, 0xff, 0xff, 0xff, 0xff,
  0x0e, 0x00, 0x00, 0x4c, 0xcd, 0xc4, 0x29, 0x00, 0x4a, 0xff, 0xff, 0xff, 0xff, 0xff, 0x0b, 0x00,
  0x4b, 0xff, 0xff, 0xff, 0xe0, 0x04, 0x3d, 0xff, 0xff, 0xff, 0xff, 0xeb, 0x00, 0x3b, 0xf6, 0xff,
  0xff, 0xff, 0xff, 0x37, 0x29, 0xff, 0xff, 0xff, 0xff, 0xbe, 0x39, 0xf3, 0xff, 0xff, 0xff, 0xff,
  0xf4, 0x12, 0x1c, 0xff, 0xff, 0xff, 0xff, 0xda, 0xf3, 0xff, 0xff, 0xff, 0xff, 0xf8, 0x46, 0x00,
  0x1c, 0xff, 0xff, 0xff, 0xff, 0xff, 0xff, 0xff, 0xff, 0xff, 0xe5, 0x33, 0x00, 0x00, 0x22, 0xff,
  0xff, 0xff, 0xff, 0xff, 0xff, 0xff, 0xff, 0xff, 0x4c, 0x00, 0x00, 0x00, 0x29, 0xff, 0xff, 0xff,
  0xff, 0xff, 0xff, 0xff, 0xff, 0xff, 0xff, 0x90, 0x0b, 0x00, 0x39, 0xff, 0xff, 0xff, 0xff, 0x97,
  0x4d, 0xf5, 0xff, 0xff, 0xff, 0xff, 0xce, 0x1b, 0x54, 0xff, 0xff, 0xff, 0xff, 0x6d, 0x00, 0x60,
  0xff, 0xff, 0xff, 0xff, 0xff, 0xaf, 0x73, 0xff, 0xff, 0xff, 0xff, 0x5f, 0x00, 0x00, 0xc4, 0xff,
  0xff, 0xff, 0xff, 0xf2, 0x77, 0xff, 0xff, 0xff, 0xff, 0x27, 0x00, 0x00, 0x24, 0xe9, 0xff, 0xff,
  0xff, 0xa8, 0x3b, 0xfe, 0xff, 0xff, 0xa6, 0x00, 0x00, 0x00, 0x00, 0x22, 0xcd, 0xfc, 0x94, 0x0d,
  0x00, 0x06, 0x3b, 0x2e, 0x00, 0x00, 0x00, 0x00, 0x00, 0x00, 0x00, 0x00, 0x00, 0x00, 0x00, 0x13,
  0x8b, 0xc0, 0x92, 0x2e, 0x00, 0x01, 0xcb, 0xff, 0xff, 0xff, 0xf7, 0x28, 0x30, 0xff, 0xff, 0xff,
  0xff, 0xff, 0x4f, 0x5f, 0xff, 0xff, 0xff, 0xff, 0xff, 0x2d, 0x77, 0xff, 0xff, 0xff, 0xff, 0xff,
  0x12, 0x7d, 0xff, 0xff, 0xff, 0xff, 0xfa, 0x01, 0x79, 0xff, 0xff, 0xff, 0xff, 0xe0, 0x00, 0x70,
  0xff, 0xff, 0xff, 0xff, 0xcf, 0x00, 0x65, 0xff, 0xff, 0xff, 0xff, 0xc0, 0x00, 0x5b, 0xff, 0xff,
  0xff, 0xff, 0xb9, 0x00, 0x4a, 0xff, 0xff, 0xff, 0xff, 0xb8, 0x00, 0x2f, 0xff, 0xff, 0xff, 0xff,
  0xbd, 0x00, 0x05, 0xf6, 0xff, 0xff, 0xff, 0xef, 0x09, 0x00, 0xb5, 0xff, 0xff, 0xff, 0xff, 0x5d,
  0x00, 0x46, 0xf9, 0xff, 0xff, 0xfc, 0x24, 0x00, 0x00, 0x27, 0x91, 0x98, 0x37, 0x00, 0x00, 0x00,
  0x35, 0xd0, 0xeb, 0x94, 0x03, 0x00, 0x00, 0x00, 0x00, 0x00, 0x4c, 0xcc, 0xea, 0x51, 0x00, 0x00,
  0x00, 0x17, 0xee, 0xff, 0xff, 0xff, 0x9f, 0x00, 0x00, 0x00, 0x00, 0x3e, 0xf6, 0xff, 0xff, 0xf5,
  0x14, 0x00, 0x00, 0x8d, 0xff, 0xff, 0xff, 0xff, 0xff, 0x7b, 0x00, 0x00, 0x15, 0xeb, 0xff, 0xff,
  0xff, 0xff, 0x72, 0x00, 0x00, 0xdf, 0xff, 0xff, 0xff, 0xff, 0xff, 0xff, 0x9c, 0x88, 0xe0, 0xff,
  0xff, 0xff, 0xff, 0xff, 0xba, 0x00, 0x11, 0xff, 0xff, 0xff, 0xff, 0xff, 0xff, 0xff, 0xff, 0xff,
  0xff, 0xff, 0xff, 0xff, 0xff, 0xff, 0xf8, 0x05, 0x43, 0xff, 0xff, 0xff, 0xff, 0xff, 0xff, 0xff,
  0xff, 0xff, 0xff, 0xff, 0xff, 0xff, 0xff, 0xff, 0xff, 0x31, 0x6a, 0xff, 0xff, 0xff, 0xff, 0xca,
  0xfa, 0xff, 0xff, 0xff, 0xff, 0xb8, 0xff, 0xff, 0xff, 0xff, 0xff, 0x59, 0x84, 0xff, 0xff, 0xff,
  0xff, 0xaa, 0x6b, 0xff, 0xff, 0xff, 0xce, 0x51, 0xff, 0xff, 0xff, 0xff, 0xff, 0x76, 0x94, 0xff,
  0xff, 0xff, 0xff, 0xb3, 0x00, 0x54, 0xbe, 0x8f, 0x11, 0x55, 0xff, 0xff, 0xff, 0xff, 0xff, 0x8a,
  0x9c, 0xff, 0xff, 0xff, 0xff, 0xba, 0x00, 0x00, 0x00, 0x00, 0x00, 0x59, 0xff, 0xff, 0xff, 0xff,
  0xff, 0x96, 0x9a, 0xff, 0xff, 0xff, 0xff, 0xbf, 0x00, 0x00, 0x00, 0x00, 0x00, 0x4a, 0xff, 0xff,
  0xff, 0xff, 0xff, 0x86, 0x86, 0xff, 0xff, 0xff, 0xff, 0xb9, 0x00, 0x00, 0x00, 0x00, 0x00, 0x28,
  0xff, 0xff, 0xff, 0xff, 0xff, 0x5b, 0x4f, 0xff, 0xff, 0xff, 0xff, 0x9e, 0x00, 0x00, 0x00, 0x00,
  0x00, 0x00, 0xde, 0xff, 0xff, 0xff, 0xfa, 0x14, 0x01, 0xaa, 0xff, 0xff, 0xdf, 0x23, 0x00, 0x00,
  0x00, 0x00, 0x00, 0x00, 0x40, 0xf4, 0xff, 0xfe, 0x60, 0x00, 0x00, 0x00, 0x23, 0x3d, 0x07, 0x00,
  0x00, 0x00, 0x00, 0x00, 0x00, 0x00, 0x00, 0x11, 0x40, 0x26, 0x00, 0x00, 0x00, 0x00, 0x17, 0x40,
  0x11, 0x00, 0x00, 0x00, 0x04, 0x37, 0x2e, 0x06, 0x00, 0x00, 0x00, 0x00, 0x00, 0x66, 0xff, 0xff,
  0xf2, 0x39, 0x33, 0xb0, 0xf6, 0xff, 0xff, 0xfb, 0xa9, 0x0b, 0x00, 0x00, 0x00, 0xe0, 0xff, 0xff,
  0xff, 0xec, 0xff, 0xff, 0xff, 0xff, 0xff, 0xff, 0xff, 0xc8, 0x05, 0x00, 0x21, 0xff, 0xff, 0xff,
  0xff, 0xff, 0xff, 0xff, 0xff, 0xff, 0xff, 0xff, 0xff, 0xff, 0x70, 0x00, 0x49, 0xff, 0xff, 0xff,
  0xff, 0xff, 0xac, 0x51, 0x81, 0xff, 0xff, 0xff, 0xff, 0xff, 0xd4, 0x00, 0x61, 0xff, 0xff, 0xff,
  0xff, 0xda, 0x01, 0x00, 0x00, 0xba, 0xff, 0xff, 0xff, 0xff, 0xff, 0x16, 0x71, 0xff, 0xff, 0xff,
  0xff, 0x9b, 0x00, 0x00, 0x00, 0x94, 0xff, 0xff, 0xff, 0xff, 0xff, 0x47, 0x80, 0xff, 0xff, 0xff,
  0xff, 0x99, 0x00, 0x00, 0x00, 0xac, 0xff, 0xff, 0xff, 0xff, 0xff, 0x61, 0x8b, 0xff, 0xff, 0xff,
  0xff, 0xb8, 0x00, 0x00, 0x00, 0xdb, 0xff, 0xff, 0xff, 0xff, 0xff, 0x65, 0x88, 0xff, 0xff, 0xff,
  0xff, 0xd8, 0x00, 0x00, 0x05, 0xfd, 0xff, 0xff, 0xff, 0xff, 0xff, 0x59, 0x7d, 0xff, 0xff, 0xff,
  0xff, 0xf7, 0x00, 0x00, 0x16, 0xff, 0xff, 0xff, 0xff, 0xff, 0xff, 0x38, 0x64, 0xff, 0xff, 0xff,
  0xff, 0xff, 0x09, 0x00, 0x18, 0xff, 0xff, 0xff, 0xff, 0xff, 0xfc, 0x08, 0x30, 0xff, 0xff, 0xff,
  0xff, 0xfc, 0x06, 0x00, 0x09, 0xff, 0xff, 0xff, 0xff, 0xff, 0xc0, 0x00, 0x00, 0xa4, 0xff, 0xff,
  0xff, 0xae, 0x00, 0x00, 0x00, 0x7f, 0xd7, 0xff, 0xfb, 0xb6, 0x27, 0x00, 0x00, 0x00, 0x27, 0x40,
  0x1c, 0x00, 0x00, 0x00, 0x00, 0x00, 0x00, 0x00, 0x00, 0x00, 0x00, 0x00, 0x00, 0x00, 0x00, 0x00,
  0x27, 0x92, 0xc5, 0xf5, 0xf2, 0xd5, 0x9f, 0x27, 0x00, 0x00, 0x00, 0x00, 0x00, 0x05, 0x84, 0xfc,
  0xff, 0xff, 0xff, 0xff, 0xff, 0xff, 0xf9, 0x65, 0x00, 0x00, 0x00, 0x04, 0xb7, 0xff, 0xff, 0xff,
  0xff, 0xff, 0xff, 0xff, 0xff, 0xff, 0xff, 0x61, 0x00, 0x00, 0x7e, 0xff, 0xff, 0xff, 0xff, 0xff,
  0xdf, 0xce, 0xff, 0xff, 0xff, 0xff, 0xea, 0x08, 0x0f, 0xf6, 0xff, 0xff, 0xff, 0xf2, 0x41, 0x00,
  0x00, 0x81, 0xff, 0xff, 0xff, 0xff, 0x59, 0x64, 0xff, 0xff, 0xff, 0xff, 0x75, 0x00, 0x00, 0x00,
  0x02, 0xe2, 0xff, 0xff, 0xff, 0x96, 0xa4, 0xff, 0xff, 0xff, 0xff, 0x57, 0x00, 0x00, 0x00, 0x00,
  0xcd, 0xff, 0xff, 0xff, 0xb2, 0xc3, 0xff, 0xff, 0xff, 0xff, 0xcf, 0x21, 0x00, 0x00, 0x55, 0xff,
  0xff, 0xff, 0xff, 0xa1, 0xbb, 0xff, 0xff, 0xff, 0xff, 0xff, 0xeb, 0x8f, 0xc1, 0xff, 0xff, 0xff,
  0xff, 0xff, 0x78, 0x91, 0xff, 0xff, 0xff, 0xff, 0xff, 0xff, 0xff, 0xff, 0xff, 0xff, 0xff, 0xff,
  0xff, 0x27, 0x41, 0xff, 0xff, 0xff, 0xff, 0xff, 0xff, 0xff, 0xff, 0xff, 0xff, 0xff, 0xff, 0xa4,
  0x00, 0x00, 0x92, 0xff, 0xff, 0xff, 0xff, 0xff, 0xff, 0xff, 0xff, 0xff, 0xff, 0xcf, 0x14, 0x00,
  0x00, 0x07, 0xae, 0xff, 0xff, 0xff, 0xff, 0xff, 0xff, 0xff, 0xff, 0xa3, 0x0c, 0x00, 0x00, 0x00,
  0x00, 0x00, 0x45, 0xad, 0xfc, 0xff, 0xff, 0xff, 0xc6, 0x49, 0x00, 0x00, 0x00, 0x00, 0x00, 0x00,
  0x00, 0x00, 0x00, 0x08, 0x30, 0x40, 0x1c, 0x00, 0x00, 0x00, 0x00, 0x00, 0x00, 0x00, 0x00, 0x00,
  0x2b, 0x2a, 0x00, 0x00, 0x01, 0x3a, 0x6e, 0x69, 0x2d, 0x00, 0x00, 0x00, 0x00, 0x00, 0x21, 0xc5,
  0xff, 0xff, 0xac, 0xcc, 0xff, 0xff, 0xff, 0xff, 0xff, 0xaf, 0x1d, 0x00, 0x00, 0x07, 0xe2, 0xff,
  0xff, 0xff, 0xff, 0xff, 0xff, 0xff, 0xff, 0xff, 0xff, 0xff, 0xf2, 0x34, 0x00, 0x4d, 0xff, 0xff,
  0xff, 0xff, 0xff, 0xf2, 0x71, 0x92, 0xff, 0xff, 0xff, 0xff, 0xff, 0xe3, 0x09, 0x85, 0xff, 0xff,
  0xff, 0xff, 0xff, 0x56, 0x00, 0x00, 0xdc, 0xff, 0xff, 0xff, 0xff, 0xff, 0x62, 0x9c, 0xff, 0xff,
  0xff, 0xff, 0xf7, 0x04, 0x00, 0x00, 0xbe, 0xff, 0xff, 0xff, 0xff, 0xff, 0x93, 0x9f, 0xff, 0xff,
  0xff, 0xff, 0xd5, 0x00, 0x00, 0x08, 0xe8, 0xff, 0xff, 0xff, 0xff, 0xff, 0x96, 0x94, 0xff, 0xff,
  0xff, 0xff, 0xf7, 0x25, 0x0f, 0xb0, 0xff, 0xff, 0xff, 0xff, 0xff, 0xff, 0x69, 0x79, 0xff, 0xff,
  0xff, 0xff, 0xff, 0xff, 0xff, 0xff, 0xff, 0xff, 0xff, 0xff, 0xff, 0xfe, 0x19, 0x52, 0xff, 0xff,
  0xff, 0xff, 0xff, 0xff, 0xff, 0xff, 0xff, 0xff, 0xff, 0xff, 0xff, 0x9b, 0x00, 0x19, 0xff, 0xff,
  0xff, 0xff, 0xff, 0xff, 0xff, 0xff, 0xff, 0xff, 0xff, 0xff, 0xce, 0x0e, 0x00, 0x00, 0xd8, 0xff,
  0xff, 0xff, 0xff, 0xff, 0xdf, 0xff, 0xff, 0xff, 0xeb, 0x75, 0x08, 0x00, 0x00, 0x00, 0x9c, 0xff,
  0xff, 0xff, 0xff, 0xff, 0x2f, 0x16, 0x3f, 0x39, 0x05, 0x00, 0x00, 0x00, 0x00, 0x00, 0x59, 0xff,
  0xff, 0xff, 0xff, 0xff, 0x70, 0x00, 0x00, 0x00, 0x00, 0x00, 0x00, 0x00, 0x00, 0x00, 0x11, 0xfd,
  0xff, 0xff, 0xff, 0xff, 0xb0, 0x00, 0x00, 0x00, 0x00, 0x00, 0x00, 0x00, 0x00, 0x00, 0x00, 0xb4,
  0xff, 0xff, 0xff, 0xff, 0xdb, 0x00, 0x00, 0x00, 0x00, 0x00, 0x00, 0x00, 0x00, 0x00, 0x00, 0x41,
  0xff, 0xff, 0xff, 0xff, 0xd1, 0x00, 0x00, 0x00, 0x00, 0x00, 0x00, 0x00, 0x00, 0x00, 0x00, 0x00,
  0x8a, 0xfe, 0xff, 0xf3, 0x3c, 0x00, 0x00, 0x00, 0x00, 0x00, 0x00, 0x00, 0x00, 0x00, 0x00, 0x00,
  0x00, 0x22, 0x40, 0x1c, 0x00, 0x00, 0x00, 0x00, 0x00, 0x00, 0x00, 0x00, 0x00, 0x00, 0x00, 0x00,
  0x00, 0x32, 0x71, 0x80, 0x7d, 0x46, 0x00, 0x43, 0xb3, 0x66, 0x01, 0x00, 0x00, 0x00, 0x22, 0xcd,
  0xff, 0xff, 0xff, 0xff, 0xff, 0xbc, 0xff, 0xff, 0xff, 0x61, 0x00, 0x00, 0x0f, 0xdf, 0xff, 0xff,
  0xff, 0xff, 0xff, 0xff, 0xff, 0xff, 0xff, 0xff, 0x74, 0x00, 0x00, 0x8f, 0xff, 0xff, 0xff, 0xff,
  0xd8, 0x54, 0xdb, 0xff, 0xff, 0xff, 0xff, 0x64, 0x00, 0x08, 0xf0, 0xff, 0xff, 0xff, 0xff, 0x3f,
  0x00, 0x55, 0xff, 0xff, 0xff, 0xff, 0x47, 0x00, 0x55, 0xff, 0xff, 0xff, 0xff, 0xf2, 0x00, 0x00,
  0x4a, 0xff, 0xff, 0xff, 0xff, 0x27, 0x00, 0x91, 0xff, 0xff, 0xff, 0xff, 0xf2, 0x00, 0x00, 0x73,
  0xff, 0xff, 0xff, 0xff, 0x13, 0x00, 0xaf, 0xff, 0xff, 0xff, 0xff, 0xff, 0x34, 0x0f, 0xd1, 0xff,
  0xff, 0xff, 0xff, 0x0e, 0x00, 0xb6, 0xff, 0xff, 0xff, 0xff, 0xff, 0xea, 0xe9, 0xff, 0xff, 0xff,
  0xff, 0xff, 0x11, 0x00, 0xa1, 0xff, 0xff, 0xff, 0xff, 0xff, 0xff, 0xff, 0xff, 0xff, 0xff, 0xff,
  0xff, 0x1c, 0x00, 0x6a, 0xff, 0xff, 0xff, 0xff, 0xff, 0xff, 0xff, 0xff, 0xff, 0xff, 0xff, 0xff,
  0x34, 0x00, 0x14, 0xf1, 0xff, 0xff, 0xff, 0xff, 0xff, 0xff, 0xff, 0xff, 0xff, 0xff, 0xff, 0x5e,
  0x00, 0x00, 0x45, 0xf0, 0xff, 0xff, 0xff, 0xff, 0xff, 0xf3, 0xff, 0xff, 0xff, 0xff, 0x94, 0x00,
  0x00, 0x00, 0x1b, 0x7c, 0xbd, 0xc0, 0xa2, 0x51, 0x73, 0xff, 0xff, 0xff, 0xff, 0xda, 0x00, 0x00,
  0x00, 0x00, 0x00, 0x00, 0x00, 0x00, 0x00, 0x6a, 0xff, 0xff, 0xff, 0xff, 0xff, 0x0b, 0x00, 0x00,
  0x00, 0x00, 0x00, 0x00, 0x00, 0x00, 0x53, 0xff, 0xff, 0xff, 0xff, 0xff, 0x2f, 0x00, 0x00, 0x00,
  0x00, 0x00, 0x00, 0x00, 0x00, 0x31, 0xff, 0xff, 0xff, 0xff, 0xff, 0x26, 0x00, 0x00, 0x00, 0x00,
  0x00, 0x00, 0x00, 0x00, 0x00, 0x95, 0xfd, 0xff, 0xcd, 0x57, 0x00, 0x00, 0x00, 0x00, 0x00, 0x00,
  0x00, 0x00, 0x00, 0x00, 0x00, 0x0f, 0x23, 0x00, 0x00, 0x00, 0x00, 0x00, 0x26, 0x73, 0x49, 0x00,
  0x00, 0x29, 0x71, 0x66, 0x1d, 0x00, 0x00, 0x00, 0x0f, 0xf4, 0xff, 0xff, 0x76, 0xb3, 0xff, 0xff,
  0xff, 0xf2, 0x43, 0x00, 0x00, 0x6d, 0xff, 0xff, 0xff, 0xff, 0xff, 0xff, 0xff, 0xff, 0xff, 0xe3,
  0x01, 0x00, 0xba, 0xff, 0xff, 0xff, 0xff, 0x52, 0x6a, 0xff, 0xff, 0xff, 0xff, 0x33, 0x00, 0xed,
  0xff, 0xff, 0xff, 0xbe, 0x00, 0x13, 0xff, 0xff, 0xff, 0xff, 0x44, 0x10, 0xff, 0xff, 0xff, 0xff,
  0x96, 0x00, 0x0b, 0xff, 0xff, 0xff, 0xff, 0x20, 0x34, 0xff, 0xff, 0xff, 0xff, 0x90, 0x00, 0x01,
  0xe6, 0xff, 0xff, 0x75, 0x00, 0x5b, 0xff, 0xff, 0xff, 0xff, 0x9a, 0x00, 0x00, 0x1b, 0x40, 0x2d,
  0x00, 0x00, 0x78, 0xff, 0xff, 0xff, 0xff, 0xb5, 0x00, 0x00, 0x00, 0x00, 0x00, 0x00, 0x00, 0x8f,
  0xff, 0xff, 0xff, 0xff, 0xd9, 0x00, 0x00, 0x00, 0x00, 0x00, 0x00, 0x00, 0x9a, 0xff, 0xff, 0xff,
  0xff, 0xfa, 0x05, 0x00, 0x00, 0x00, 0x00, 0x00, 0x00, 0x99, 0xff, 0xff, 0xff, 0xff, 0xff, 0x17,
  0x00, 0x00, 0x00, 0x00, 0x00, 0x00, 0x82, 0xff, 0xff, 0xff, 0xff, 0xff, 0x0f, 0x00, 0x00, 0x00,
  0x00, 0x00, 0x00, 0x20, 0xe6, 0xff, 0xff, 0xf3, 0x84, 0x00, 0x00, 0x00, 0x00, 0x00, 0x00, 0x00,
  0x00, 0x04, 0x3c, 0x3f, 0x0a, 0x00, 0x00, 0x00, 0x00, 0x00, 0x00, 0x00, 0x00, 0x00, 0x00, 0x00,
  0x3e, 0x81, 0xb7, 0xb2, 0x8d, 0x5a, 0x18, 0x00, 0x00, 0x00, 0x15, 0xbd, 0xff, 0xff, 0xff, 0xff,
  0xff, 0xff, 0xff, 0x6b, 0x00, 0x00, 0xb7, 0xff, 0xff, 0xff, 0xff, 0xff, 0xff, 0xff, 0xff, 0xfb,
  0x08, 0x21, 0xff, 0xff, 0xff, 0xff, 0xff, 0xff, 0xff, 0xff, 0xff, 0xf5, 0x06, 0x40, 0xff, 0xff,
  0xff, 0xff, 0xbe, 0xbd, 0xe1, 0xff, 0xf7, 0x5d, 0x00, 0x18, 0xfe, 0xff, 0xff, 0xfe, 0x3d, 0x00,
  0x00, 0x1b, 0x0b, 0x00, 0x00, 0x00, 0x82, 0xff, 0xff, 0xff, 0xff, 0xc9, 0xb4, 0x77, 0x25, 0x00,
  0x00, 0x00, 0x00, 0x47, 0xac, 0xf9, 0xff, 0xff, 0xff, 0xff, 0xfd, 0x65, 0x00, 0x00, 0x00, 0x00,
  0x00, 0x00, 0x43, 0xb0, 0xfe, 0xff, 0xff, 0xfa, 0x16, 0x03, 0x93, 0xf0, 0xa8, 0x27, 0x00, 0x00,
  0xc6, 0xff, 0xff, 0xff, 0x60, 0x77, 0xff, 0xff, 0xff, 0xfd, 0xc3, 0xc3, 0xff, 0xff, 0xff, 0xff,
  0x78, 0xbb, 0xff, 0xff, 0xff, 0xff, 0xff, 0xff, 0xff, 0xff, 0xff, 0xff, 0x58, 0x8a, 0xff, 0xff,
  0xff, 0xff, 0xff, 0xff, 0xff, 0xff, 0xff, 0xe2, 0x09, 0x03, 0xb8, 0xff, 0xff, 0xff, 0xff, 0xff,
  0xff, 0xff, 0xda, 0x2e, 0x00, 0x00, 0x00, 0x52, 0x80, 0x98, 0xbb, 0xaa, 0x6f, 0x31, 0x02, 0x00,
  0x00, 0x00, 0x00, 0x00, 0x00, 0x00, 0x00, 0x00, 0x00, 0x00, 0x00, 0x00, 0x00, 0x2a, 0xde, 0xff,
  0xff, 0xf1, 0x5d, 0x00, 0x00, 0x00, 0x00, 0xa2, 0xff, 0xff, 0xff, 0xff, 0xd5, 0x00, 0x00, 0x00,
  0x00, 0xc9, 0xff, 0xff, 0xff, 0xff, 0xe7, 0x00, 0x00, 0x00, 0x00, 0xc8, 0xff, 0xff, 0xff, 0xff,
  0xd3, 0x00, 0x00, 0x2e, 0x80, 0xe5, 0xff, 0xff, 0xff, 0xff, 0xf0, 0xb9, 0x14, 0xdb, 0xff, 0xff,
  0xff, 0xff, 0xff, 0xff, 0xff, 0xff, 0x47, 0xb7, 0xff, 0xff, 0xff, 0xff, 0xff, 0xff, 0xd8, 0xbb,
  0x14, 0x00, 0x39, 0xff, 0xff, 0xff, 0xff, 0xff, 0x4f, 0x00, 0x00, 0x00, 0x00, 0xfa, 0xff, 0xff,
  0xff, 0xff, 0x43, 0x00, 0x00, 0x00, 0x00, 0xe9, 0xff, 0xff, 0xff, 0xff, 0x43, 0x00, 0x00, 0x00,
  0x00, 0xcf, 0xff, 0xff, 0xff, 0xff, 0x45, 0x00, 0x00, 0x00, 0x00, 0xb0, 0xff, 0xff, 0xff, 0xff,
  0x50, 0x00, 0x00, 0x00, 0x00, 0x85, 0xff, 0xff, 0xff, 0xff, 0x5d, 0x00, 0x00, 0x00, 0x00, 0x49,
  0xff, 0xff, 0xff, 0xff, 0x6f, 0x00, 0x00, 0x00, 0x00, 0x05, 0xe5, 0xff, 0xff, 0xff, 0x72, 0x00,
  0x00, 0x00, 0x00, 0x00, 0x3f, 0xc7, 0xff, 0xcf, 0x1d, 0x00, 0x00, 0x00, 0x00, 0x00, 0x00, 0x00,
  0x00, 0x00, 0x00, 0x00, 0x00, 0x00, 0x1a, 0x37, 0x09, 0x00, 0x00, 0x00, 0x4b, 0xcd, 0xff, 0xf2,
  0xac, 0x48, 0x00, 0x00, 0x10, 0xc5, 0xff, 0xff, 0xfc, 0x66, 0x00, 0x0d, 0xf6, 0xff, 0xff, 0xff,
  0xff, 0xc9, 0x00, 0x00, 0x46, 0xff, 0xff, 0xff, 0xff, 0xee, 0x03, 0x49, 0xff, 0xff, 0xff, 0xff,
  0xff, 0xdb, 0x00, 0x00, 0x4c, 0xff, 0xff, 0xff, 0xff, 0xff, 0x24, 0x79, 0xff, 0xff, 0xff, 0xff,
  0xff, 0xd7, 0x00, 0x00, 0x39, 0xff, 0xff, 0xff, 0xff, 0xff, 0x41, 0x96, 0xff, 0xff, 0xff, 0xff,
  0xff, 0xc2, 0x00, 0x00, 0x18, 0xff, 0xff, 0xff, 0xff, 0xff, 0x49, 0xa3, 0xff, 0xff, 0xff, 0xff,
  0xff, 0x9f, 0x00, 0x00, 0x00, 0xf0, 0xff, 0xff, 0xff, 0xff, 0x48, 0x9e, 0xff, 0xff, 0xff, 0xff,
  0xff, 0x71, 0x00, 0x00, 0x00, 0xd3, 0xff, 0xff, 0xff, 0xff, 0x40, 0x87, 0xff, 0xff, 0xff, 0xff,
  0xff, 0x52, 0x00, 0x00, 0x00, 0xd7, 0xff, 0xff, 0xff, 0xff, 0x33, 0x60, 0xff, 0xff, 0xff, 0xff,
  0xff, 0x79, 0x00, 0x00, 0x1a, 0xff, 0xff, 0xff, 0xff, 0xff, 0x22, 0x1b, 0xff, 0xff, 0xff, 0xff,
  0xff, 0xf2, 0x53, 0x4c, 0xce, 0xff, 0xff, 0xff, 0xff, 0xff, 0x0b, 0x00, 0xb1, 0xff, 0xff, 0xff,
  0xff, 0xff, 0xff, 0xff, 0xff, 0xff, 0xff, 0xff, 0xff, 0xe7, 0x00, 0x00, 0x24, 0xe7, 0xff, 0xff,
  0xff, 0xff, 0xff, 0xff, 0xf7, 0xf6, 0xff, 0xff, 0xff, 0xa1, 0x00, 0x00, 0x00, 0x16, 0xa0, 0xfe,
  0xff, 0xff, 0xef, 0x96, 0x1a, 0x6b, 0xfd, 0xff, 0xf6, 0x1e, 0x00, 0x00, 0x00, 0x00, 0x00, 0x1a,
  0x40, 0x2e, 0x00, 0x00, 0x00, 0x00, 0x20, 0x40, 0x24, 0x00, 0x00, 0x00, 0x00, 0x00, 0x00, 0x00,
  0x00, 0x00, 0x00, 0x00, 0x00, 0x00, 0x00, 0x00, 0x00, 0x00, 0x00, 0x0d, 0x87, 0xe8, 0xff, 0xeb,
  0x82, 0x00, 0x00, 0x00, 0x00, 0x1c, 0xc8, 0xf9, 0xc9, 0x44, 0x00, 0x9c, 0xff, 0xff, 0xff, 0xff,
  0xfd, 0x0d, 0x00, 0x00, 0x00, 0x5e, 0xff, 0xff, 0xff, 0xe3, 0x00, 0xc7, 0xff, 0xff, 0xff, 0xff,
  0xff, 0x39, 0x00, 0x00, 0x00, 0x87, 0xff, 0xff, 0xff, 0xff, 0x02, 0xa7, 0xff, 0xff, 0xff, 0xff,
  0xff, 0x4e, 0x00, 0x00, 0x00, 0xba, 0xff, 0xff, 0xff, 0xf1, 0x00, 0x79, 0xff, 0xff, 0xff, 0xff,
  0xff, 0x69, 0x00, 0x00, 0x00, 0xf0, 0xff, 0xff, 0xff, 0xb5, 0x00, 0x3d, 0xff, 0xff, 0xff, 0xff,
  0xff, 0x92, 0x00, 0x00, 0x2b, 0xff, 0xff, 0xff, 0xff, 0x7b, 0x00, 0x05, 0xf3, 0xff, 0xff, 0xff,
  0xff, 0xb6, 0x00, 0x00, 0x77, 0xff, 0xff, 0xff, 0xff, 0x23, 0x00, 0x00, 0xa0, 0xff, 0xff, 0xff,
  0xff, 0xe9, 0x01, 0x00, 0xd0, 0xff, 0xff, 0xff, 0xbe, 0x00, 0x00, 0x00, 0x38, 0xff, 0xff, 0xff,
  0xff, 0xff, 0x45, 0x45, 0xff, 0xff, 0xff, 0xff, 0x4a, 0x00, 0x00, 0x00, 0x00, 0xad, 0xff, 0xff,
  0xff, 0xff, 0xe6, 0xe8, 0xff, 0xff, 0xff, 0xc8, 0x00, 0x00, 0x00, 0x00, 0x00, 0x2a, 0xfe, 0xff,
  0xff, 0xff, 0xff, 0xff, 0xff, 0xff, 0xfb, 0x37, 0x00, 0x00, 0x00, 0x00, 0x00, 0x00, 0x7c, 0xff,
  0xff, 0xff, 0xff, 0xff, 0xff, 0xff, 0x63, 0x00, 0x00, 0x00, 0x00, 0x00, 0x00, 0x00, 0x01, 0xb5,
  0xff, 0xff, 0xff, 0xff, 0xff, 0x9f, 0x00, 0x00, 0x00, 0x00, 0x00, 0x00, 0x00, 0x00, 0x00, 0x05,
  0x92, 0xfc, 0xff, 0xee, 0x74, 0x03, 0x00, 0x00, 0x00, 0x00, 0x00, 0x00, 0x00, 0x00, 0x00, 0x00,
  0x00, 0x12, 0x3f, 0x1c, 0x00, 0x00, 0x00, 0x00, 0x00, 0x00, 0x00, 0x00, 0x00, 0x00, 0x00, 0x00,
  0x00, 0x00, 0x00, 0x00, 0x00, 0x00, 0x00, 0x00, 0x00, 0x00, 0x00, 0x00, 0x00, 0x00, 0x00, 0x58,
  0xec, 0xff, 0xce, 0x1e, 0x00, 0x00, 0x00, 0x00, 0x00, 0x00, 0x00, 0x0c, 0xa4, 0xf9, 0xff, 0x93,
  0x00, 0x08, 0xf3, 0xff, 0xff, 0xff, 0x9e, 0x00, 0x00, 0x00, 0x00, 0x00, 0x00, 0x00, 0x68, 0xff,
  0xff, 0xff, 0xff, 0x27, 0x3d, 0xff, 0xff, 0xff, 0xff, 0xb9, 0x00, 0x00, 0x00, 0x00, 0x00, 0x00,
  0x00, 0x78, 0xff, 0xff, 0xff, 0xff, 0x79, 0x67, 0xff, 0xff, 0xff, 0xff, 0x9d, 0x00, 0x00, 0x00,
  0x00, 0x00, 0x00, 0x00, 0x5b, 0xff, 0xff, 0xff, 0xff, 0xab, 0x7e, 0xff, 0xff, 0xff, 0xff, 0x7a,
  0x00, 0x00, 0x3f, 0xdc, 0x8f, 0x00, 0x00, 0x34, 0xff, 0xff, 0xff, 0xff, 0xc7, 0x8b, 0xff, 0xff,
  0xff, 0xff, 0x55, 0x00, 0x14, 0xf2, 0xff, 0xff, 0x4c, 0x00, 0x12, 0xff, 0xff, 0xff, 0xff, 0xcc,
  0x8d, 0xff, 0xff, 0xff, 0xff, 0x3e, 0x00, 0x99, 0xff, 0xff, 0xff, 0xd6, 0x00, 0x01, 0xfe, 0xff,
  0xff, 0xff, 0xca, 0x8b, 0xff, 0xff, 0xff, 0xff, 0x39, 0x19, 0xf6, 0xff, 0xff, 0xff, 0xff, 0x47,
  0x00, 0xfd, 0xff, 0xff, 0xff, 0xc3, 0x7e, 0xff, 0xff, 0xff, 0xff, 0x4e, 0x9c, 0xff, 0xff, 0xff,
  0xff, 0xff, 0xda, 0x20, 0xff, 0xff, 0xff, 0xff, 0xb5, 0x63, 0xff, 0xff, 0xff, 0xff, 0xd2, 0xff,
  0xff, 0xff, 0xff, 0xff, 0xff, 0xff, 0xe5, 0xff, 0xff, 0xff, 0xff, 0x9e, 0x32, 0xff, 0xff, 0xff,
  0xff, 0xff, 0xff, 0xff, 0xff, 0x76, 0xd3, 0xff, 0xff, 0xff, 0xff, 0xff, 0xff, 0xff, 0x73, 0x01,
  0xe5, 0xff, 0xff, 0xff, 0xff, 0xff, 0xff, 0x89, 0x00, 0x20, 0xf2, 0xff, 0xff, 0xff, 0xff, 0xff,
  0xff, 0x2a, 0x00, 0x80, 0xff, 0xff, 0xff, 0xff, 0xff, 0xa6, 0x02, 0x00, 0x00, 0x53, 0xff, 0xff,
  0xff, 0xff, 0xff, 0xaa, 0x00, 0x00, 0x07, 0xc3, 0xff, 0xff, 0xff, 0x9e, 0x00, 0x00, 0x00, 0x00,
  0x00, 0x6a, 0xfb, 0xff, 0xff, 0xc8, 0x13, 0x00, 0x00, 0x00, 0x00, 0x4d, 0x80, 0x72, 0x05, 0x00,
  0x00, 0x00, 0x00, 0x00, 0x00, 0x27, 0x7f, 0x66, 0x01, 0x00, 0x00, 0x00, 0x16, 0x98, 0xeb, 0x95,
  0x18, 0x00, 0x00, 0x00, 0x23, 0x79, 0x3e, 0x00, 0x00, 0x09, 0xcb, 0xff, 0xff, 0xff, 0xe8, 0x37,
  0x00, 0x38, 0xf9, 0xff, 0xff, 0x82, 0x00, 0x6a, 0xff, 0xff, 0xff, 0xff, 0xff, 0xf2, 0x33, 0xdf,
  0xff, 0xff, 0xff, 0xff, 0x1d, 0x96, 0xff, 0xff, 0xff, 0xff, 0xff, 0xff, 0xff, 0xff, 0xff, 0xff,
  0xff, 0xee, 0x0e, 0x2f, 0xde, 0xff, 0xff, 0xff, 0xff, 0xff, 0xff, 0xff, 0xff, 0xff, 0xfe, 0x48,
  0x00, 0x00, 0x09, 0x94, 0xff, 0xff, 0xff, 0xff, 0xff, 0xff, 0xff, 0xfd, 0x66, 0x00, 0x00, 0x00,
  0x00, 0x00, 0x2c, 0xec, 0xff, 0xff, 0xff, 0xff, 0xff, 0x66, 0x00, 0x00, 0x00, 0x00, 0x00, 0x00,
  0x04, 0xad, 0xff, 0xff, 0xff, 0xff, 0xff, 0xe6, 0x1c, 0x00, 0x00, 0x00, 0x00, 0x05, 0xb1, 0xff,
  0xff, 0xff, 0xff, 0xff, 0xff, 0xff, 0xd0, 0x09, 0x00, 0x00, 0x03, 0xb3, 0xff, 0xff, 0xff, 0xff,
  0xff, 0xff, 0xff, 0xff, 0xff, 0x9f, 0x00, 0x02, 0x99, 0xff, 0xff, 0xff, 0xff, 0xf0, 0x48, 0xec,
  0xff, 0xff, 0xff, 0xff, 0x39, 0x81, 0xff, 0xff, 0xff, 0xff, 0xff, 0x60, 0x00, 0x4a, 0xff, 0xff,
  0xff, 0xff, 0xb8, 0xbd, 0xff, 0xff, 0xff, 0xff, 0xb6, 0x00, 0x00, 0x00, 0xa6, 0xff, 0xff, 0xff,
  0xd8, 0x41, 0xf5, 0xff, 0xff, 0xf2, 0x1f, 0x00, 0x00, 0x00, 0x1b, 0xf2, 0xff, 0xfe, 0x52, 0x00,
  0x31, 0xbe, 0xb6, 0x3a, 0x00, 0x00, 0x00, 0x00, 0x00, 0x29, 0x72, 0x1e, 0x00, 0x00, 0x00, 0x00,
  0x00, 0x00, 0x00, 0x00, 0x00, 0x00, 0x00, 0x00, 0x00, 0x00, 0x00, 0x00, 0x06, 0xa1, 0xf9, 0xff,
  0xe9, 0x74, 0x00, 0x00, 0x00, 0x00, 0x4f, 0xb7, 0xbd, 0x69, 0x00, 0x48, 0xff, 0xff, 0xff, 0xff,
  0xfb, 0x01, 0x00, 0x00, 0x3f, 0xff, 0xff, 0xff, 0xff, 0x4c, 0x70, 0xff, 0xff, 0xff, 0xff, 0xf1,
  0x01, 0x00, 0x00, 0x8e, 0xff, 0xff, 0xff, 0xff, 0x6f, 0x8f, 0xff, 0xff, 0xff, 0xff, 0xb3, 0x00,
  0x00, 0x00, 0xaf, 0xff, 0xff, 0xff, 0xff, 0x3e, 0xa2, 0xff, 0xff, 0xff, 0xff, 0x8b, 0x00, 0x00,
  0x00, 0xcf, 0xff, 0xff, 0xff, 0xf1, 0x04, 0xa5, 0xff, 0xff, 0xff, 0xff, 0x90, 0x00, 0x00, 0x08,
  0xf8, 0xff, 0xff, 0xff, 0xab, 0x00, 0x95, 0xff, 0xff, 0xff, 0xff, 0xe1, 0x20, 0x01, 0x86, 0xff,
  0xff, 0xff, 0xff, 0x83, 0x00, 0x6a, 0xff, 0xff, 0xff, 0xff, 0xff, 0xff, 0xff, 0xff, 0xff, 0xff,
  0xff, 0xff, 0x74, 0x00, 0x1a, 0xfe, 0xff, 0xff, 0xff, 0xff, 0xff, 0xff, 0xff, 0xff, 0xff, 0xff,
  0xff, 0x71, 0x00, 0x00, 0xae, 0xff, 0xff, 0xff, 0xff, 0xff, 0xff, 0xff, 0xff, 0xff, 0xff, 0xff,
  0x7b, 0x00, 0x00, 0x10, 0xb8, 0xff, 0xff, 0xff, 0xff, 0xff, 0xff, 0xff, 0xff, 0xff, 0xff, 0x8b,
  0x00, 0x00, 0x00, 0x00, 0x1a, 0x4e, 0x7b, 0x80, 0x6b, 0x35, 0xfc, 0xff, 0xff, 0xff, 0x9a, 0x00,
  0x00, 0x00, 0x27, 0x45, 0x01, 0x00, 0x00, 0x00, 0x81, 0xff, 0xff, 0xff, 0xff, 0xa7, 0x00, 0x00,
  0x46, 0xfc, 0xff, 0xdd, 0xb3, 0x8f, 0xc6, 0xff, 0xff, 0xff, 0xff, 0xff, 0x96, 0x00, 0x00, 0x95,
  0xff, 0xff, 0xff, 0xff, 0xff, 0xff, 0xff, 0xff, 0xff, 0xff, 0xff, 0x59, 0x00, 0x00, 0x8d, 0xff,
  0xff, 0xff, 0xff, 0xff, 0xff, 0xff, 0xff, 0xff, 0xff, 0xc0, 0x01, 0x00, 0x00, 0x2d, 0xf0, 0xff,
  0xff, 0xff, 0xff, 0xff, 0xff, 0xff, 0xff, 0xd5, 0x14, 0x00, 0x00, 0x00, 0x00, 0x33, 0xc1, 0xff,
  0xff, 0xff, 0xff, 0xff, 0xe4, 0x7d, 0x07, 0x00, 0x00, 0x00, 0x00, 0x00, 0x00, 0x00, 0x1c, 0x40,
  0x40, 0x40, 0x23, 0x01, 0x00, 0x00, 0x00, 0x00, 0x00, 0x00, 0x00, 0x00, 0x00, 0x00, 0x00, 0x00,
  0x00, 0x00, 0x00, 0x00, 0x00, 0x17, 0xea, 0xff, 0xff, 0xff, 0xff, 0xff, 0xff, 0xff, 0xff, 0xca,
  0x1a, 0x86, 0xff, 0xff, 0xff, 0xff, 0xff, 0xff, 0xff, 0xff, 0xff, 0xff, 0x82, 0xab, 0xff, 0xff,
  0xff, 0xff, 0xff, 0xff, 0xff, 0xff, 0xff, 0xff, 0x91, 0x89, 0xff, 0xff, 0xff, 0xff, 0xff, 0xff,
  0xff, 0xff, 0xff, 0xff, 0x6e, 0x1b, 0xce, 0xff, 0xdf, 0xb3, 0x88, 0xd7, 0xff, 0xff, 0xff, 0xf6,
  0x16, 0x00, 0x00, 0x00, 0x00, 0x00, 0x02, 0xa0, 0xff, 0xff, 0xf5, 0x54, 0x00, 0x00, 0x00, 0x00,
  0x00, 0x02, 0xaf, 0xff, 0xff, 0xe6, 0x3a, 0x00, 0x00, 0x00, 0x00, 0x0e, 0x97, 0xd5, 0xff, 0xff,
  0xb8, 0x0a, 0x00, 0x00, 0x00, 0x00, 0x1b, 0xd5, 0xff, 0xff, 0xff, 0xc4, 0x09, 0x00, 0x00, 0x00,
  0x00, 0x09, 0xd8, 0xff, 0xff, 0xff, 0xff, 0xba, 0x80, 0xa4, 0xc0, 0x9d, 0x17, 0x5a, 0xff, 0xff,
  0xff, 0xff, 0xff, 0xff, 0xff, 0xff, 0xff, 0xff, 0x85, 0x84, 0xff, 0xff, 0xff, 0xff, 0xff, 0xff,
  0xff, 0xff, 0xff, 0xff, 0x9c, 0x6d, 0xff, 0xff, 0xff, 0xff, 0xff, 0xff, 0xff, 0xff, 0xff, 0xff,
  0x6c, 0x16, 0xa6, 0xfe, 0xff, 0xff, 0xff, 0xff, 0xff, 0xff, 0xff, 0xb4, 0x08, 0x00, 0x00, 0x0b,
  0x3a, 0x40, 0x40, 0x40, 0x40, 0x2e, 0x01, 0x00, 0x00, 0x00, 0x00, 0x00, 0x00, 0x00, 0x00, 0x00,
  0x00, 0x00, 0x00, 0x28, 0xbf, 0xff, 0xff, 0xfc, 0x4e, 0x00, 0x16, 0xe0, 0xff, 0xff, 0xff, 0xff,
  0x87, 0x00, 0x75, 0xff, 0xff, 0xff, 0xcc, 0x80, 0x29, 0x00, 0xa0, 0xff, 0xff, 0xff, 0x44, 0x00,
  0x00, 0x00, 0xa9, 0xff, 0xff, 0xff, 0x42, 0x00, 0x00, 0x00, 0x94, 0xff, 0xff, 0xff, 0x73, 0x00,
  0x00, 0x00, 0x6c, 0xff, 0xff, 0xff, 0x81, 0x00, 0x00, 0x00, 0x70, 0xff, 0xff, 0xff, 0x3f, 0x00,
  0x00, 0x3c, 0xf4, 0xff, 0xff, 0x9e, 0x00, 0x00, 0x00, 0x7f, 0xff, 0xff, 0xff, 0x57, 0x00, 0x00,
  0x00, 0x10, 0xbc, 0xff, 0xff, 0xf9, 0x1e, 0x00, 0x00, 0x00, 0x59, 0xff, 0xff, 0xff, 0x75, 0x00,
  0x00, 0x00, 0x7d, 0xff, 0xff, 0xff, 0x86, 0x00, 0x00, 0x00, 0x9d, 0xff, 0xff, 0xff, 0x5f, 0x00,
  0x00, 0x00, 0xa4, 0xff, 0xff, 0xff, 0x3c, 0x00, 0x00, 0x00, 0x8f, 0xff, 0xff, 0xff, 0x88, 0x00,
  0x00, 0x00, 0x43, 0xff, 0xff, 0xff, 0xff, 0xfa, 0x5b, 0x00, 0x00, 0x72, 0xff, 0xff, 0xff, 0xff,
  0x8a, 0x00, 0x00, 0x00, 0x31, 0x71, 0x80, 0x73, 0x0e, 0x00, 0x09, 0x40, 0x28, 0x00, 0x00, 0xbe,
  0xff, 0xff, 0x5d, 0x04, 0xfd, 0xff, 0xff, 0x93, 0x20, 0xff, 0xff, 0xff, 0x8f, 0x36, 0xff, 0xff,
  0xff, 0x8d, 0x3b, 0xff, 0xff, 0xff, 0x89, 0x3b, 0xff, 0xff, 0xff, 0x7f, 0x38, 0xff, 0xff, 0xff,
  0x6a, 0x36, 0xff, 0xff, 0xff, 0x5d, 0x35, 0xff, 0xff, 0xff, 0x55, 0x37, 0xff, 0xff, 0xff, 0x51,
  0x38, 0xff, 0xff, 0xff, 0x4f, 0x37, 0xff, 0xff, 0xff, 0x48, 0x38, 0xff, 0xff, 0xff, 0x44, 0x36,
  0xff, 0xff, 0xff, 0x40, 0x30, 0xff, 0xff, 0xff, 0x36, 0x0d, 0xf9, 0xff, 0xff, 0x17, 0x00, 0x3f,
  0x7b, 0x2e, 0x00, 0x00, 0x00, 0x00, 0x00, 0x00, 0x00, 0x00, 0x00, 0x1a, 0xe7, 0xff, 0xff, 0xe1,
  0x53, 0x00, 0x00, 0x3f, 0xff, 0xff, 0xff, 0xff, 0xfe, 0x45, 0x00, 0x06, 0x7f, 0xa7, 0xff, 0xff,
  0xff, 0xc1, 0x00, 0x00, 0x00, 0x06, 0xf5, 0xff, 0xff, 0xea, 0x00, 0x00, 0x00, 0x01, 0xf7, 0xff,
  0xff, 0xf4, 0x00, 0x00, 0x00, 0x2a, 0xff, 0xff, 0xff, 0xe2, 0x00, 0x00, 0x00, 0x38, 0xff, 0xff,
  0xff, 0xb6, 0x00, 0x00, 0x00, 0x08, 0xec, 0xff, 0xff, 0xba, 0x00, 0x00, 0x00, 0x00, 0x63, 0xff,
  0xff, 0xff, 0x7a, 0x00, 0x00, 0x00, 0x25, 0xf4, 0xff, 0xff, 0xcb, 0x00, 0x00, 0x00, 0xcf, 0xff,
  0xff, 0xe4, 0x31, 0x00, 0x00, 0x2c, 0xff, 0xff, 0xff, 0xa0, 0x00, 0x00, 0x00, 0x3d, 0xff, 0xff,
  0xff, 0xc6, 0x00, 0x00, 0x00, 0x12, 0xff, 0xff, 0xff, 0xe8, 0x00, 0x00, 0x00, 0x00, 0xf3, 0xff,
  0xff, 0xee, 0x00, 0x00, 0x00, 0x3d, 0xff, 0xff, 0xff, 0xd8, 0x00, 0x21, 0xe9, 0xff, 0xff, 0xff,
  0xff, 0x8a, 0x00, 0x42, 0xff, 0xff, 0xff, 0xff, 0xb3, 0x0a, 0x00, 0x01, 0x5e, 0x80, 0x7c, 0x45,
  0x04, 0x00, 0x00, 0x00, 0x00, 0x00, 0x00, 0x2a, 0x3b, 0x01, 0x00, 0x00, 0x00, 0x00, 0x00, 0x00,
  0x00, 0x00, 0x00, 0x18, 0xc4, 0xff, 0xff, 0x93, 0x00, 0x00, 0x0a, 0x9b, 0xcc, 0x5c, 0x00, 0x00,
  0x15, 0xd5, 0xff, 0xff, 0xff, 0xfb, 0x22, 0x0d, 0xc1, 0xff, 0xff, 0xff, 0x29, 0x00, 0xb1, 0xff,
  0xff, 0xff, 0xff, 0xff, 0xc8, 0xdb, 0xff, 0xff, 0xff, 0xff, 0x3d, 0x34, 0xff, 0xff, 0xff, 0xff,
  0xff, 0xff, 0xff, 0xff, 0xff, 0xff, 0xff, 0xde, 0x05, 0x89, 0xff, 0xff, 0xff, 0xff, 0xeb, 0xff,
  0xff, 0xff, 0xff, 0xff, 0xff, 0x45, 0x00, 0x92, 0xff, 0xff, 0xff, 0xdf, 0x0a, 0xb8, 0xff, 0xff,
  0xff, 0xff, 0x89, 0x00, 0x00, 0x12, 0xb7, 0xff, 0xff, 0x6a, 0x00, 0x07, 0x79, 0xf0, 0xf5, 0x73,
  0x00, 0x00, 0x00, 0x00, 0x03, 0x3c, 0x3d, 0x00, 0x00, 0x00, 0x00, 0x00, 0x00, 0x00, 0x00, 0x00,
  0x00, 0x00, 0x0b, 0x4d, 0x61, 0x74, 0x63, 0x68, 0x61, 0x20, 0x4d, 0x69, 0x6e, 0x74, 0x00, 0x0a,
  0x4d, 0x61, 0x74, 0x63, 0x68, 0x61, 0x4d, 0x69, 0x6e, 0x74, 0x01,
};
